id,课程名,简介,状态,模块,学段,学科,年级,出版社,年份,年龄段,应用场景,学期,专题,其他,教师
2657,同步知识点微课：小学语文四年级下册,,启用,同步知识点微课,小学,语文,小学四年级,人民教育出版社,,,同步知识点微课,下册,,,"陈莲英,肖俐,高雪静,范洁,汪媛"
2658,同步知识点微课：小学语文四年级上册,,启用,同步知识点微课,小学,语文,小学四年级,人民教育出版社,,,,上册,,,"范洁,陈莲英,高雪静,肖俐,汪媛"
2659,同步知识点微课：小学语文二年级下册,,启用,同步知识点微课,小学,语文,小学二年级,人民教育出版社,,,,下册,,,"肖俐,范洁,高雪静"
2660,同步知识点微课：小学语文二年级上册,,启用,同步知识点微课,小学,语文,小学二年级,人民教育出版社,,,,上册,,,"高雪静,汪媛"
2661,同步知识点微课：小学语文一年级上册,,启用,同步知识点微课,小学,语文,小学一年级,人民教育出版社,,,,上册,,,"高雪静,范洁,汪媛"
2662,同步知识点微课：小学语文一年级下册,,启用,同步知识点微课,小学,语文,小学一年级,人民教育出版社,,,,下册,,,"高雪静,孙芬,杜平"
2663,同步知识点微课：小学英语五年级上册,,启用,同步知识点微课,小学,英语,小学五年级,人民教育出版社,,,,上册,,,"刘松涛,苏婷"
2664,同步知识点微课：小学英语四年级下册,,启用,同步知识点微课,小学,英语,小学四年级,人民教育出版社,,,同步知识点微课,下册,,,"刘松涛,张春晓,刘敏,李妍妍"
2665,同步知识点微课：小学英语四年级上册,,启用,同步知识点微课,小学,英语,小学四年级,人民教育出版社,,,,上册,,,"刘松涛,李艳,刘敏"
2666,同步知识点微课：小学英语三年级下册,,启用,同步知识点微课,小学,英语,小学三年级,人民教育出版社,,,,下册,,,"李艳,刘敏,柴女,左惠连,李婷,钱坤,李妍妍"
2667,同步知识点微课：小学英语五年级下册,,启用,同步知识点微课,小学,英语,小学五年级,人民教育出版社,,,,下册,,,"苏婷,李婷"
2668,同步知识点微课：小学英语三年级上册,,启用,同步知识点微课,小学,英语,小学三年级,人民教育出版社,,,,上册,,,钱坤
2669,同步知识点微课：小学英语二年级下册,,启用,同步知识点微课,小学,英语,小学二年级,人民教育出版社,,,,下册,,,"钱坤,刘敏,李妍妍,王佳宁"
2670,同步知识点微课：小学英语二年级上册,,启用,同步知识点微课,小学,英语,小学二年级,人民教育出版社,,,,上册,,,"钱坤,左惠连,付茉"
2671,同步知识点微课：小学英语一年级下册,,启用,同步知识点微课,小学,英语,小学一年级,人民教育出版社,,,,下册,,,"付茉,李妍妍,左惠连"
2672,同步知识点微课：小学英语一年级上册,,启用,同步知识点微课,小学,英语,小学一年级,人民教育出版社,,,,上册,,,"付茉,刘敏"
2673,同步知识点微课：小学数学六年级下册,,启用,同步知识点微课,小学,数学,小学六年级,人民教育出版社,,,,下册,,,"朱佳慧,秦传志,赵潇飞,杨凡,刘晨,张娜,李春杰,刘晨曦"
2674,同步知识点微课：小学数学四年级上册,,启用,同步知识点微课,小学,数学,小学四年级,人民教育出版社,,,,上册,,,"赵潇飞,朱佳慧,秦传志"
2675,同步知识点微课：小学数学六年级上册,,启用,同步知识点微课,小学,数学,小学六年级,人民教育出版社,,,,上册,,,"赵潇飞,朱佳慧,杨凡,秦传志,李春杰"
2676,同步知识点微课：小学数学五年级下册,,启用,同步知识点微课,小学,数学,小学五年级,人民教育出版社,,,,下册,,,"赵潇飞,朱佳慧,秦传志,杨凡,李春杰,张娜,刘晨曦"
2677,同步知识点微课：小学数学四年级下册,,启用,同步知识点微课,小学,数学,小学四年级,人民教育出版社,,,,下册,,,"朱佳慧,赵潇飞,杨凡,刘晨,李春杰,张娜,刘晨曦"
2678,同步知识点微课：小学数学三年级下册,,启用,同步知识点微课,小学,数学,小学三年级,人民教育出版社,,,,下册,,,"杨凡,秦传志,刘晨,李春杰,张娜,刘晨曦,陈莲英"
2679,同步知识点微课：小学数学四年级,,启用,同步知识点微课,小学,数学,小学四年级,人民教育出版社,,,,,,,刘晨
2680,同步知识点微课：小学数学五年级上册,,启用,同步知识点微课,小学,数学,小学五年级,人民教育出版社,,,,上册,,,"刘晨,李春杰,秦传志"
2681,同步知识点微课：小学数学二年级上册,,启用,同步知识点微课,小学,数学,小学二年级,人民教育出版社,,,,上册,,,"刘晨,李春杰"
2682,同步知识点微课：小学数学一年级上册,,启用,同步知识点微课,小学,数学,小学一年级,人民教育出版社,,,,上册,,,"李春杰,秦传志"
2683,同步知识点微课：小学数学二年级下册,,启用,同步知识点微课,小学,数学,小学二年级,人民教育出版社,,,,下册,,,"李春杰,秦传志,张娜,刘晨曦"
2684,同步知识点微课：小学数学一年级下册,,启用,同步知识点微课,小学,数学,小学一年级,人民教育出版社,,,,下册,,,"刘晨,张娜,李春杰,刘晨曦"
2685,同步知识点微课：小学数学三年级上册,,启用,同步知识点微课,小学,数学,小学三年级,人民教育出版社,,,,上册,,,刘晨
2686,同步知识点微课：小学语文三年级上册,,启用,同步知识点微课,小学,语文,小学三年级,人民教育出版社,,,,上册,,,"高雪静,范洁,肖俐,李文龙,汪媛"
2687,同步知识点微课：小学语文五年级上册,,启用,同步知识点微课,小学,语文,小学五年级,人民教育出版社,,,,上册,,,"范洁,高雪静,汪媛,孙芬"
2688,同步知识点微课：小学语文五年级下册,,启用,同步知识点微课,小学,语文,小学五年级,人民教育出版社,,,,下册,,,"范洁,徐,孙芬"
2689,同步知识点微课：小学语文三年级下册,,启用,同步知识点微课,小学,语文,小学三年级,人民教育出版社,,,,下册,,,"范洁,高雪静"
2690,同步知识点微课：小学语文六年级上册,,启用,同步知识点微课,小学,语文,小学六年级,人民教育出版社,,,,上册,,,"高雪静,陈莲英,范洁,汪媛"
2691,同步知识点微课：小学语文六年级下册,,启用,同步知识点微课,小学,语文,小学六年级,人民教育出版社,,,,下册,,,"徐,高雪静,陈莲英,刘文君,汪媛"
2692,同步知识点微课：小学英语六年级下册,,启用,同步知识点微课,小学,英语,小学六年级,人民教育出版社,,,,下册,,,"李妍妍,王佳宁,左惠连"
2693,同步知识点微课：初中语文,,启用,同步知识点微课,初中,语文,,人民教育出版社,,,,,,,"范洁,曹安宁"
2694,同步知识点微课：初中历史与社会,,启用,同步知识点微课,初中,历史与社会,,人民教育出版社,,,,,,,"徐双月,刘飞,汪庆伟,宋典"
2695,同步知识点微课：初中科学,,启用,同步知识点微课,初中,科学,,人民教育出版社,,,,,,,"石利,阳熠,董超,于,屈泽兵,邹璇,张思颖,王国平,刘飞"
2696,同步知识点微课：高中政治高三下册,,启用,同步知识点微课,高中,政治,高中三年级,人民教育出版社,,,,下册,,,李宝
2697,同步知识点微课：高中政治高三上册,,启用,同步知识点微课,高中,政治,高中三年级,人民教育出版社,,,,上册,,,"李宝,宗文清"
2698,同步知识点微课：高中政治高二下册,,启用,同步知识点微课,高中,政治,高中二年级,人民教育出版社,,,,下册,,,宗文清
2699,同步知识点微课：高中政治高二上册,,启用,同步知识点微课,高中,政治,高中二年级,人民教育出版社,,,,上册,,,宗文清
2700,同步知识点微课：高中政治高一下册,,启用,同步知识点微课,高中,政治,高中一年级,人民教育出版社,,,,下册,,,刘玉新
2701,同步知识点微课：高中政治高一上册,,启用,同步知识点微课,高中,政治,高中一年级,人民教育出版社,,,,上册,,,"刘玉新,罗尚文,梅津湘"
2702,同步知识点微课：高中语文高三下册,,启用,同步知识点微课,高中,语文,高中三年级,人民教育出版社,,,,下册,,,倪文波
2703,同步知识点微课：高中语文高三上册,,启用,同步知识点微课,高中,语文,高中三年级,人民教育出版社,,,,上册,,,"倪文波,范洁"
2704,同步知识点微课：高中语文高二下册,,启用,同步知识点微课,高中,语文,高中二年级,人民教育出版社,,,,下册,,,倪文波
2705,同步知识点微课：高中语文高二上册,,启用,同步知识点微课,高中,语文,高中二年级,人民教育出版社,,,,上册,,,"倪文波,范洁"
2706,同步知识点微课：高中语文高一下册,,启用,同步知识点微课,高中,语文,高中一年级,人民教育出版社,,,,下册,,,"倪文波,范洁"
2707,同步知识点微课：高中语文高一上册,,启用,同步知识点微课,高中,语文,高中一年级,人民教育出版社,,,,上册,,,倪文波
2708,同步知识点微课：高中英语高三下册,,启用,同步知识点微课,高中,英语,高中三年级,人民教育出版社,,,,下册,,,"黄立奇,黄汝强"
2709,同步知识点微课：高中英语高三上册,,启用,同步知识点微课,高中,英语,高中三年级,人民教育出版社,,,,上册,,,黄立奇
2710,同步知识点微课：高中英语高二下册,,启用,同步知识点微课,高中,英语,高中二年级,人民教育出版社,,,,下册,,,"黄立奇,孙子瑶"
2711,同步知识点微课：高中英语高二上册,,启用,同步知识点微课,高中,英语,高中二年级,人民教育出版社,,,,上册,,,黄立奇
2712,同步知识点微课：高中英语高一下册,,启用,同步知识点微课,高中,英语,高中一年级,人民教育出版社,,,,下册,,,黄立奇
2713,同步知识点微课：高中英语高一上册,,启用,同步知识点微课,高中,英语,高中一年级,人民教育出版社,,,,上册,,,黄立奇
2714,同步知识点微课：高中物理高三下册,,启用,同步知识点微课,高中,物理,高中三年级,人民教育出版社,,,,下册,,,刘森
2715,同步知识点微课：高中物理高三上册,,启用,同步知识点微课,高中,物理,高中三年级,人民教育出版社,,,,上册,,,刘森
2716,同步知识点微课：高中物理高二下册,,禁用,同步知识点微课,高中,物理,高中二年级,人民教育出版社,,,同步知识点微课,下册,,,"沈轲,孙振兴"
2717,同步知识点微课：高中物理高二上册,,启用,同步知识点微课,高中,物理,高中二年级,人民教育出版社,,,,上册,,,"孙振兴,纪红"
2718,同步知识点微课：高中物理高一下册,,启用,同步知识点微课,高中,物理,高中一年级,人民教育出版社,,,,下册,,,孙振兴
2719,同步知识点微课：高中物理高一上册,,启用,同步知识点微课,高中,物理,高中一年级,人民教育出版社,,,,上册,,,"纪红,孙振兴"
2720,同步知识点微课：高中数学高三下册,,启用,同步知识点微课,高中,数学,高中三年级,人民教育出版社,,,,下册,,,"李广军,赵青"
2721,同步知识点微课：高中数学高三上册,,启用,同步知识点微课,高中,数学,高中三年级,人民教育出版社,,,,上册,,,"李广军,赵青"
2722,同步知识点微课：高中数学高二下册,,启用,同步知识点微课,高中,数学,高中二年级,人民教育出版社,,,,下册,,,"李广军,赵青"
2723,同步知识点微课：高中数学高二上册,,启用,同步知识点微课,高中,数学,高中二年级,人民教育出版社,,,,上册,,,"李广军,赵青,梅松竹"
2724,同步知识点微课：高中数学高一下册,,启用,同步知识点微课,高中,数学,高中一年级,人民教育出版社,,,,下册,,,"申宏伟,梅松竹,赵青,张海乾"
2725,同步知识点微课：高中数学高一,,启用,同步知识点微课,高中,数学,高中一年级,人民教育出版社,,,,,,,申宏伟
2726,同步知识点微课：高中数学高一上册,,启用,同步知识点微课,高中,数学,高中一年级,人民教育出版社,,,,上册,,,"梅松竹,申宏伟,赵青,薛江辉"
2727,同步知识点微课：高中生物高三下册,,启用,同步知识点微课,高中,生物,高中三年级,人民教育出版社,,,,下册,,,"李艳辉,李洋洋"
2728,同步知识点微课：高中生物高三上册,,启用,同步知识点微课,高中,生物,高中三年级,人民教育出版社,,,,上册,,,"李艳辉,王小敏,李洋洋"
2729,同步知识点微课：高中生物高二下册,,启用,同步知识点微课,高中,生物,高中二年级,人民教育出版社,,,,下册,,,"李艳辉,李洋洋,丁俊华"
2730,同步知识点微课：高中生物高二上册,,启用,同步知识点微课,高中,生物,高中二年级,人民教育出版社,,,,上册,,,"李艳辉,田红岩,王蓓,王小敏,杨快乐"
2731,同步知识点微课：高中生物高一下册,,启用,同步知识点微课,高中,生物,高中一年级,人民教育出版社,,,,下册,,,杨快乐
2732,同步知识点微课：高中生物高一上册,,启用,同步知识点微课,高中,生物,高中一年级,人民教育出版社,,,,上册,,,"杨快乐,王蓓"
2733,同步知识点微课：高中生物高一,,启用,同步知识点微课,高中,生物,高中一年级,人民教育出版社,,,,,,,杨快乐
2734,同步知识点微课：高中历史高三下册,,启用,同步知识点微课,高中,历史,高中三年级,人民教育出版社,,,,下册,,,熊银忠
2735,同步知识点微课：高中历史高三上册,,启用,同步知识点微课,高中,历史,高中三年级,人民教育出版社,,,,上册,,,"熊银忠,周玉凤"
2736,同步知识点微课：高中历史高二下册,,启用,同步知识点微课,高中,历史,高中二年级,人民教育出版社,,,,下册,,,白建宗
2737,同步知识点微课：高中历史高二上册,,启用,同步知识点微课,高中,历史,高中二年级,人民教育出版社,,,,上册,,,白建宗
2738,同步知识点微课：高中历史高一下册,,启用,同步知识点微课,高中,历史,高中一年级,人民教育出版社,,,,下册,,,齐国华
2739,同步知识点微课：高中历史高一上册,,启用,同步知识点微课,高中,历史,高中一年级,人民教育出版社,,,,上册,,,"齐国华,熊银忠"
2740,同步知识点微课：高中化学高三下册,,启用,同步知识点微课,高中,化学,高中三年级,人民教育出版社,,,,下册,,,陈明亮
2741,同步知识点微课：高中化学高三上册,,启用,同步知识点微课,高中,化学,高中三年级,人民教育出版社,,,,上册,,,陈明亮
2742,同步知识点微课：高中化学高二下册,,启用,同步知识点微课,高中,化学,高中二年级,人民教育出版社,,,,下册,,,"陈明亮,崔勇"
2743,同步知识点微课：高中化学高二上册,,启用,同步知识点微课,高中,化学,高中二年级,人民教育出版社,,,,上册,,,崔勇
2744,同步知识点微课：高中化学高一下册,,启用,同步知识点微课,高中,化学,高中一年级,人民教育出版社,,,,下册,,,崔勇
2745,同步知识点微课：高中化学高一上册,,启用,同步知识点微课,高中,化学,高中一年级,人民教育出版社,,,,上册,,,"崔勇,王立国"
2746,同步知识点微课：高中地理高二下册,,启用,同步知识点微课,高中,地理,高中二年级,人民教育出版社,,,,下册,,,"张齐宇,朱莉,黄从俊"
2747,同步知识点微课：高中地理高二上册,,启用,同步知识点微课,高中,地理,高中二年级,人民教育出版社,,,,上册,,,黄从俊
2748,同步知识点微课：高中地理高一下册,,启用,同步知识点微课,高中,地理,高中一年级,人民教育出版社,,,,下册,,,"王品月,朱莉"
2749,同步知识点微课：高中地理高一上册,,启用,同步知识点微课,高中,地理,高中一年级,人民教育出版社,,,,上册,,,"王品月,朱莉,李秋建,黄从俊"
2750,同步教材：人教版小学语文一年级上册,,启用,同步名师视频,小学,语文,小学一年级,人民教育出版社,2016,,,上册,,,"陈剑,孙芬"
2751,同步教材：人教版小学语文一年级下册,,启用,同步名师视频,小学,语文,小学一年级,人民教育出版社,2001,,,下册,,,"马洪英,彭青青,彭琪"
2752,同步教材：人教版小学语文二年级上册,,启用,同步名师视频,小学,语文,小学二年级,人民教育出版社,2001,,,上册,,,"刘文君,董新娥"
2753,同步教材：人教版小学语文二年级下册,,启用,同步名师视频,小学,语文,小学二年级,人民教育出版社,2002,,,下册,,,"刘瑞芳,操娜,丁纳"
2754,同步教材：人教版小学语文三年级上册,,启用,同步名师视频,小学,语文,小学三年级,人民教育出版社,2003,,,上册,,,"黄邱玲,刘文君,杨会勤"
2755,同步教材：人教版小学语文三年级下册,,启用,同步名师视频,小学,语文,小学三年级,人民教育出版社,2003,,,下册,,,"孙芬,王宇"
2756,同步教材：人教版小学语文四年级上册,,启用,同步名师视频,小学,语文,小学四年级,人民教育出版社,2004,,,上册,,,周小满
2757,同步教材：人教版小学语文四年级下册,,启用,同步名师视频,小学,语文,小学四年级,人民教育出版社,2004,,,下册,,,"孙芬,王宇"
2758,同步教材：人教版小学语文五年级上册,,启用,同步名师视频,小学,语文,小学五年级,人民教育出版社,2005,,,上册,,,肖俐
2759,同步教材：人教版小学语文五年级下册,,启用,同步名师视频,小学,语文,小学五年级,人民教育出版社,2009,,,下册,,,肖俐
2760,同步教材：人教版小学语文六年级上册,,启用,同步名师视频,小学,语文,小学六年级,人民教育出版社,2006,,,上册,,,余慧俐
2761,同步教材：人教版小学语文六年级下册,,启用,同步名师视频,小学,语文,小学六年级,人民教育出版社,2006,,,下册,,,"王芳,肖俐,杨泽"
2762,同步教材：人教版小学数学一年级上册,,启用,同步名师视频,小学,数学,小学一年级,人民教育出版社,2012,,,上册,,,朱佳慧
2763,同步教材：人教版小学数学一年级下册,,启用,同步名师视频,小学,数学,小学一年级,人民教育出版社,2012,,,下册,,,朱佳慧
2764,同步教材：人教版小学数学二年级上册,,启用,同步名师视频,小学,数学,小学二年级,人民教育出版社,2013,,,上册,,,"朱佳慧,汪丽芳"
2765,同步教材：人教版小学数学二年级下册,,启用,同步名师视频,小学,数学,小学二年级,人民教育出版社,2013,,,下册,,,"张娜,刘璐璐"
2766,同步教材：人教版小学数学三年级上册,,启用,同步名师视频,小学,数学,小学三年级,人民教育出版社,2014,,,上册,,,韩虹璐
2767,同步教材：人教版小学数学三年级下册,,启用,同步名师视频,小学,数学,小学三年级,人民教育出版社,2014,,,下册,,,李春杰
2768,同步教材：人教版小学数学四年级上册,,启用,同步名师视频,小学,数学,小学四年级,人民教育出版社,2014,,,上册,,,汪丽芳
2769,同步教材：人教版小学数学二年级上册,,启用,同步名师视频,小学,数学,小学二年级,人民教育出版社,2014,,,上册,,," "
2770,同步教材：人教版小学数学四年级下册,,启用,同步名师视频,小学,数学,小学四年级,人民教育出版社,2014,,,下册,,,李春杰
2771,同步教材：人教版小学数学五年级上册,,启用,同步名师视频,小学,数学,小学五年级,人民教育出版社,2014,,,上册,,,刘璐璐
2772,同步教材：人教版小学数学五年级下册,,启用,同步名师视频,小学,数学,小学五年级,人民教育出版社,2014,,,下册,,,李春杰
2773,同步教材：人教版小学数学六年级上册,,启用,同步名师视频,小学,数学,小学六年级,人民教育出版社,2014,,,上册,,,刘璐璐
2774,同步教材：人教版小学数学二年级下册,,启用,同步名师视频,小学,数学,小学二年级,人民教育出版社,2014,,,下册,,," "
2775,同步教材：人教版小学数学六年级下册,,启用,同步名师视频,小学,数学,小学六年级,人民教育出版社,2014,,,下册,,,彭宇拓
2776,同步教材：人教版小学英语一年级上册,,启用,同步名师视频,小学,英语,小学一年级,人民教育出版社,2012,,,上册,,,王贝
2777,同步教材：人教版小学英语一年级下册,,启用,同步名师视频,小学,英语,小学一年级,人民教育出版社,2012,,,下册,,,张星
2778,同步教材：人教版小学英语二年级上册,,启用,同步名师视频,小学,英语,小学二年级,人民教育出版社,2013,,,上册,,,王贝
2779,同步教材：人教版小学英语二年级下册,,启用,同步名师视频,小学,英语,小学二年级,人民教育出版社,2013,,,下册,,,"万玉英,张丹玲"
2780,同步教材：人教版小学英语三年级上册,,启用,同步名师视频,小学,英语,小学三年级,人民教育出版社,2014,,,上册,,,"张丹玲,沈奇,王佳宁"
2781,同步教材：人教版小学英语三年级下册,,启用,同步名师视频,小学,英语,小学三年级,人民教育出版社,2014,,,下册,,,"宋晓磊,万玉英,汪曼"
2782,同步教材：人教版小学英语四年级上册,,启用,同步名师视频,小学,英语,小学四年级,人民教育出版社,2014,,,上册,,,"王倩,梁玉梅,柴女"
2783,同步教材：人教版小学英语四年级下册,,启用,同步名师视频,小学,英语,小学四年级,人民教育出版社,2014,,,下册,,,"张星,李艳,包楠"
2784,同步教材：人教版小学英语五年级上册,,启用,同步名师视频,小学,英语,小学五年级,人民教育出版社,2014,,,上册,,,"张丹玲,李艳,万玉英,李婷"
2785,同步教材：人教版小学英语五年级下册,,启用,同步名师视频,小学,英语,小学五年级,人民教育出版社,2005,,,下册,,,"李婷,宋晓磊,包楠"
2786,同步教材：人教版小学英语六年级上册,,启用,同步名师视频,小学,英语,小学六年级,人民教育出版社,2006,,,上册,,,"王洁,柴女,刘蓉,张丹玲"
2787,同步教材：人教版小学英语六年级下册,,启用,同步名师视频,小学,英语,小学六年级,人民教育出版社,2006,,,下册,,,"王洁,宋晓磊,吴曼"
2788,同步教材：人教版小学英语三年级上册,,启用,同步名师视频,小学,英语,小学三年级,人民教育出版社,2012,,,上册,,," "
2789,同步教材：人教版小学英语三年级下册,,启用,同步名师视频,小学,英语,小学三年级,人民教育出版社,2012,,,下册,,," "
2790,同步教材：人教版小学英语四年级上册,,启用,同步名师视频,小学,英语,小学四年级,人民教育出版社,2013,,,上册,,," "
2791,同步教材：人教版小学英语四年级下册,,启用,同步名师视频,小学,英语,小学四年级,人民教育出版社,2013,,,下册,,," "
2792,同步教材：人教版小学英语五年级下册,,启用,同步名师视频,小学,英语,小学五年级,人民教育出版社,2014,,,下册,,," "
2793,同步教材：人教版小学英语六年级上册,,启用,同步名师视频,小学,英语,小学六年级,人民教育出版社,2014,,,上册,,," "
2794,同步教材：人教版小学英语六年级下册,,启用,同步名师视频,小学,英语,小学六年级,人民教育出版社,2014,,,下册,,," "
2795,同步教材：人教版小学语文一年级下册,,启用,同步名师视频,小学,语文,小学一年级,人民教育出版社,2016,,,下册,,," "
2796,同步教材：人教版小学语文二年级上册,,启用,同步名师视频,小学,语文,小学二年级,人民教育出版社,2017,,,上册,,," "
2797,同步教材：人教版小学语文一年级上册,,启用,同步名师视频,小学,语文,小学一年级,人民教育出版社,2001,,,上册,,," "
2798,同步教材：人教版小学英语五年级上册,,启用,同步名师视频,小学,英语,小学五年级,人民教育出版社,2004,,,上册,,," "
2799,同步教材：鲁教版小学语文一年级上册,,启用,同步名师视频,小学,语文,小学一年级,山东教育出版社,2004,,,上册,,,"孙芬,王圆"
2800,同步教材：鲁教版小学语文一年级下册,,启用,同步名师视频,小学,语文,小学一年级,山东教育出版社,2015,,,下册,,,阮畅
2801,同步教材：鲁教版小学语文二年级上册,,启用,同步名师视频,小学,语文,小学二年级,山东教育出版社,2004,,,上册,,,"王圆,孙文君"
2802,同步教材：鲁教版小学语文二年级下册,,启用,同步名师视频,小学,语文,小学二年级,山东教育出版社,2009,,,下册,,,阮畅
2803,同步教材：鲁教版小学语文三年级上册,,启用,同步名师视频,小学,语文,小学三年级,山东教育出版社,2005,,,上册,,,"王圆,郝晓红"
2804,同步教材：鲁教版小学语文四年级上册,,启用,同步名师视频,小学,语文,小学四年级,山东教育出版社,2006,,,上册,,,龙琳
2805,同步教材：鲁教版小学语文四年级下册,,启用,同步名师视频,小学,语文,小学四年级,山东教育出版社,2006,,,下册,,,郝晓红
2806,同步教材：鲁教版小学语文三年级下册,,启用,同步名师视频,小学,语文,小学三年级,山东教育出版社,2006,,,下册,,,龙琳
2807,同步教材：沪教版小学语文二年级上册,,启用,同步名师视频,小学,语文,小学二年级,上海教育出版社,2008,,,上册,,,刘晓敏
2808,同步教材：沪教版小学语文二年级下册,,启用,同步名师视频,小学,语文,小学二年级,上海教育出版社,2008,,,下册,,,徐雨露
2809,同步教材：沪教版小学语文三年级下册,,启用,同步名师视频,小学,语文,小学三年级,上海教育出版社,2009,,,下册,,,刘文君
2810,同步教材：沪教版小学语文五年级下册,,启用,同步名师视频,小学,语文,小学五年级,上海教育出版社,2011,,,下册,,,杨阳
2811,同步教材：沪教版小学语文六年级下册,,启用,同步名师视频,小学,语文,小学六年级,上海教育出版社,2008,,,下册,,,"翁媛媛,马世娜,孟月"
2812,同步教材：沪教版小学数学三年级上册,,启用,同步名师视频,小学,数学,小学三年级,上海教育出版社,2015,,,上册,,,"杨艳丽,彭程,田静"
2813,同步教材：沪教版小学数学三年级下册,,启用,同步名师视频,小学,数学,小学三年级,上海教育出版社,2010,,,下册,,,李妍
2814,同步教材：沪教版小学数学四年级上册,,启用,同步名师视频,小学,数学,小学四年级,上海教育出版社,2011,,,上册,,,朱佳慧
2815,同步教材：沪教版小学数学四年级下册,,启用,同步名师视频,小学,数学,小学四年级,上海教育出版社,2011,,,下册,,,朱佳慧
2816,同步教材：沪教版小学数学五年级上册,,启用,同步名师视频,小学,数学,小学五年级,上海教育出版社,2012,,,上册,,,庄鑫锐
2817,同步教材：沪教版小学数学五年级下册,,启用,同步名师视频,小学,数学,小学五年级,上海教育出版社,2012,,,下册,,,朱佳慧
2818,同步教材：沪教版小学数学六年级上册,,启用,同步名师视频,小学,数学,小学六年级,上海教育出版社,2005,,,上册,,,秦传志
2819,同步教材：沪教版小学数学六年级下册,,启用,同步名师视频,小学,数学,小学六年级,上海教育出版社,2006,,,下册,,,刘奇
2820,同步教材：沪教版小学英语一年级上册,,启用,同步名师视频,小学,英语,小学一年级,上海教育出版社,2015,,,上册,,,汪珍荣
2821,同步教材：沪教版小学英语一年级下册,,启用,同步名师视频,小学,英语,小学一年级,上海教育出版社,2016,,,下册,,,张星
2822,同步教材：沪教版小学英语二年级上册,,启用,同步名师视频,小学,英语,小学二年级,上海教育出版社,2013,,,上册,,,汪珍荣
2823,同步教材：沪教版小学英语二年级下册,,启用,同步名师视频,小学,英语,小学二年级,上海教育出版社,2014,,,下册,,,王倩
2824,同步教材：沪教版小学英语三年级上册,,启用,同步名师视频,小学,英语,小学三年级,上海教育出版社,2014,,,上册,,,任佳宁
2825,同步教材：沪教版小学英语三年级下册,,启用,同步名师视频,小学,英语,小学三年级,上海教育出版社,2013,,,下册,,,杨敏江
2826,同步教材：沪教版小学英语四年级上册,,启用,同步名师视频,小学,英语,小学四年级,上海教育出版社,2013,,,上册,,,任佳宁
2827,同步教材：沪教版小学英语五年级上册,,启用,同步名师视频,小学,英语,小学五年级,上海教育出版社,2014,,,上册,,,周莞青
2828,同步教材：沪教版小学英语六年级上册,,启用,同步名师视频,小学,英语,小学六年级,上海教育出版社,2014,,,上册,,,周莞青
2829,同步教材：沪教版小学英语六年级下册,,启用,同步名师视频,小学,英语,小学六年级,上海教育出版社,2014,,,下册,,,张丹玲
2830,同步教材：沪教版小学语文一年级下册,,启用,同步名师视频,小学,语文,小学一年级,上海教育出版社,2008,,,下册,,,"杨静蕊,彭琪,翁媛媛"
2831,同步教材：沪教版小学语文四年级上册,,启用,同步名师视频,小学,语文,小学四年级,上海教育出版社,2010,,,上册,,,"龙琳,陈剑,徐刘夏"
2832,同步教材：沪教版小学语文四年级下册,,启用,同步名师视频,小学,语文,小学四年级,上海教育出版社,2010,,,下册,,,"郝钰,彭琪"
2833,同步教材：沪教版小学语文五年级上册,,启用,同步名师视频,小学,语文,小学五年级,上海教育出版社,2011,,,上册,,,"黄君,吴慧"
2834,同步教材：苏教版小学数学一年级上册,,启用,同步名师视频,小学,数学,小学一年级,江苏凤凰教育出版社,2012,,,上册,,,宋永喜
2835,同步教材：苏教版小学数学一年级下册,,启用,同步名师视频,小学,数学,小学一年级,江苏凤凰教育出版社,2012,,,下册,,,苗卓芳
2836,同步教材：苏教版小学数学二年级上册,,启用,同步名师视频,小学,数学,小学二年级,江苏凤凰教育出版社,2013,,,上册,,,"田静,李九娇,李春杰"
2837,同步教材：苏教版小学数学二年级下册,,启用,同步名师视频,小学,数学,小学二年级,江苏凤凰教育出版社,2013,,,下册,,,李妍
2838,同步教材：苏教版小学数学三年级上册,,启用,同步名师视频,小学,数学,小学三年级,江苏凤凰教育出版社,2014,,,上册,,,李九娇
2839,同步教材：苏教版小学数学二年级上册,,启用,同步名师视频,小学,数学,小学二年级,江苏凤凰教育出版社,2014,,,上册,,," "
2840,同步教材：苏教版小学数学三年级下册,,启用,同步名师视频,小学,数学,小学三年级,江苏凤凰教育出版社,2014,,,下册,,,彭程
2841,同步教材：苏教版小学数学四年级上册,,启用,同步名师视频,小学,数学,小学四年级,江苏凤凰教育出版社,2015,,,上册,,,李九娇
2842,同步教材：苏教版小学数学四年级下册,,启用,同步名师视频,小学,数学,小学四年级,江苏凤凰教育出版社,2014,,,下册,,,彭程
2843,同步教材：苏教版小学数学五年级上册,,启用,同步名师视频,小学,数学,小学五年级,江苏凤凰教育出版社,2015,,,上册,,,"白晶晶,刘璐璐"
2844,同步教材：苏教版小学数学五年级下册,,启用,同步名师视频,小学,数学,小学五年级,江苏凤凰教育出版社,2014,,,下册,,,赵潇飞
2845,同步教材：苏教版小学数学六年级上册,,启用,同步名师视频,小学,数学,小学六年级,江苏凤凰教育出版社,2014,,,上册,,,"王晓丹,李春杰"
2846,同步教材：苏教版小学数学六年级下册,,启用,同步名师视频,小学,数学,小学六年级,江苏凤凰教育出版社,2014,,,下册,,,李春杰
2847,同步教材：苏教版小学语文一年级上册,,启用,同步名师视频,小学,语文,小学一年级,江苏凤凰教育出版社,2015,,,上册,,,"尹家云,郝晓红,倪卓,刘文君"
2848,同步教材：苏教版小学语文一年级下册,,启用,同步名师视频,小学,语文,小学一年级,江苏凤凰教育出版社,2015,,,下册,,,"曹香,李月,陈剑"
2849,同步教材：苏教版小学语文二年级上册,,启用,同步名师视频,小学,语文,小学二年级,江苏凤凰教育出版社,2015,,,上册,,,"刘瑞芳,陈佳浩"
2850,同步教材：苏教版小学语文二年级下册,,启用,同步名师视频,小学,语文,小学二年级,江苏凤凰教育出版社,2015,,,下册,,,"范洁,刘瑞芳,龙琳"
2851,同步教材：苏教版小学语文三年级上册,,启用,同步名师视频,小学,语文,小学三年级,江苏凤凰教育出版社,2015,,,上册,,,徐雨露
2852,同步教材：苏教版小学语文三年级下册,,启用,同步名师视频,小学,语文,小学三年级,江苏凤凰教育出版社,2014,,,下册,,,龙琳
2853,同步教材：苏教版小学语文四年级上册,,启用,同步名师视频,小学,语文,小学四年级,江苏凤凰教育出版社,2015,,,上册,,,"曹香,郭佳星"
2854,同步教材：苏教版小学语文四年级下册,,启用,同步名师视频,小学,语文,小学四年级,江苏凤凰教育出版社,2015,,,下册,,,"段宏,龙琳,王宇,李月"
2855,同步教材：苏教版小学语文五年级上册,,启用,同步名师视频,小学,语文,小学五年级,江苏凤凰教育出版社,2015,,,上册,,,惰云娇
2856,同步教材：苏教版小学语文五年级下册,,启用,同步名师视频,小学,语文,小学五年级,江苏凤凰教育出版社,2015,,,下册,,,"惰云娇,曹香"
2857,同步教材：苏教版小学语文六年级上册,,启用,同步名师视频,小学,语文,小学六年级,江苏凤凰教育出版社,2015,,,上册,,,"龙琳,刘亚慧"
2858,同步教材：苏教版小学语文六年级下册,,启用,同步名师视频,小学,语文,小学六年级,江苏凤凰教育出版社,2015,,,下册,,,黎超
2859,同步教材：苏教版小学语文一年级上册,,启用,同步名师视频,小学,语文,小学一年级,江苏凤凰教育出版社,2016,,,上册,,," "
2860,同步教材：苏教版小学语文一年级下册,,启用,同步名师视频,小学,语文,小学一年级,江苏凤凰教育出版社,2016,,,下册,,," "
2861,同步教材：苏教版小学英语一年级下册,,启用,同步名师视频,小学,英语,小学一年级,江苏凤凰教育出版社,2015,,,下册,,,张丹玲
2862,同步教材：浙教版小学数学一年级上册,,启用,同步名师视频,小学,数学,小学一年级,浙江教育出版社,2008,,,上册,,,郑娟
2863,同步教材：浙教版小学数学一年级下册,,启用,同步名师视频,小学,数学,小学一年级,浙江教育出版社,2009,,,下册,,,王兵颖
2864,同步教材：浙教版小学数学二年级上册,,启用,同步名师视频,小学,数学,小学二年级,浙江教育出版社,2008,,,上册,,,张娜娜
2865,同步教材：浙教版小学数学二年级下册,,启用,同步名师视频,小学,数学,小学二年级,浙江教育出版社,2009,,,下册,,,李钰燕
2866,同步教材：浙教版小学数学三年级上册,,启用,同步名师视频,小学,数学,小学三年级,浙江教育出版社,2008,,,上册,,,陈婷婷
2867,同步教材：浙教版小学数学三年级下册,,启用,同步名师视频,小学,数学,小学三年级,浙江教育出版社,2009,,,下册,,,"盛亮,尹莉"
2868,同步教材：浙教版小学数学四年级上册,,启用,同步名师视频,小学,数学,小学四年级,浙江教育出版社,2008,,,上册,,,李钰燕
2869,同步教材：浙教版小学数学四年级下册,,启用,同步名师视频,小学,数学,小学四年级,浙江教育出版社,2010,,,下册,,,苑露
2870,同步教材：浙教版小学数学五年级上册,,启用,同步名师视频,小学,数学,小学五年级,浙江教育出版社,2010,,,上册,,,高立平
2871,同步教材：浙教版小学数学五年级下册,,启用,同步名师视频,小学,数学,小学五年级,浙江教育出版社,2010,,,下册,,,吴克亮
2872,同步教材：浙教版小学数学六年级上册,,启用,同步名师视频,小学,数学,小学六年级,浙江教育出版社,2010,,,上册,,,陈婷婷
2873,同步教材：浙教版小学数学六年级下册,,启用,同步名师视频,小学,数学,小学六年级,浙江教育出版社,2010,,,下册,,,陈丙杰
2874,同步教材：北师大版小学数学一年级上册,,启用,同步名师视频,小学,数学,小学一年级,北京师范大学出版社,2013,,,上册,,,汪丽芳
2875,同步教材：北师大版小学数学一年级下册,,启用,同步名师视频,小学,数学,小学一年级,北京师范大学出版社,2013,,,下册,,,齐佳丽
2876,同步教材：北师大版小学数学二年级上册,,启用,同步名师视频,小学,数学,小学二年级,北京师范大学出版社,2013,,,上册,,,张娜
2877,同步教材：北师大版小学数学二年级下册,,启用,同步名师视频,小学,数学,小学二年级,北京师范大学出版社,2013,,,下册,,,朱佳慧
2878,同步教材：北师大版小学数学三年级上册,,启用,同步名师视频,小学,数学,小学三年级,北京师范大学出版社,2014,,,上册,,,刘璐璐
2879,同步教材：北师大版小学数学三年级下册,,启用,同步名师视频,小学,数学,小学三年级,北京师范大学出版社,2014,,,下册,,,李春杰
2880,同步教材：北师大版小学数学四年级上册,,启用,同步名师视频,小学,数学,小学四年级,北京师范大学出版社,2014,,,上册,,,刘璐璐
2881,同步教材：北师大版小学数学四年级下册,,启用,同步名师视频,小学,数学,小学四年级,北京师范大学出版社,2014,,,下册,,,李春杰
2882,同步教材：北师大版小学数学五年级上册,,启用,同步名师视频,小学,数学,小学五年级,北京师范大学出版社,2014,,,上册,,,王秀艳
2883,同步教材：北师大版小学数学五年级下册,,启用,同步名师视频,小学,数学,小学五年级,北京师范大学出版社,2014,,,下册,,,彭程
2884,同步教材：北师大版小学数学六年级上册,,启用,同步名师视频,小学,数学,小学六年级,北京师范大学出版社,2014,,,上册,,,王秀艳
2885,同步教材：北师大版小学数学六年级下册,,启用,同步名师视频,小学,数学,小学六年级,北京师范大学出版社,2014,,,下册,,,彭程
2886,同步教材：北师大版小学英语一年级上册,,启用,同步名师视频,小学,英语,小学一年级,北京师范大学出版社,2012,,,上册,,,左惠连
2887,同步教材：北师大版小学英语一年级下册,,启用,同步名师视频,小学,英语,小学一年级,北京师范大学出版社,2012,,,下册,,,"张毅华,方昱璇"
2888,同步教材：北师大版小学英语二年级上册,,启用,同步名师视频,小学,英语,小学二年级,北京师范大学出版社,2013,,,上册,,,"张毅华,倪林子"
2889,同步教材：北师大版小学英语二年级下册,,启用,同步名师视频,小学,英语,小学二年级,北京师范大学出版社,2013,,,下册,,,"王倩,张芳丽"
2890,同步教材：北师大版小学英语三年级上册,,启用,同步名师视频,小学,英语,小学三年级,北京师范大学出版社,2014,,,上册,,,"方昱璇,李杨,张谊姝,张芳丽"
2891,同步教材：北师大版小学英语一年级下册,,启用,同步名师视频,小学,英语,小学一年级,北京师范大学出版社,2014,,,下册,,," "
2892,同步教材：北师大版小学英语三年级下册,,启用,同步名师视频,小学,英语,小学三年级,北京师范大学出版社,2014,,,下册,,,"常恩娟,王丹,张芳丽"
2893,同步教材：北师大版小学英语四年级上册,,启用,同步名师视频,小学,英语,小学四年级,北京师范大学出版社,2013,,,上册,,,"廖颖,王丹,张芳丽"
2894,同步教材：北师大版小学英语四年级下册,,启用,同步名师视频,小学,英语,小学四年级,北京师范大学出版社,2007,,,下册,,,"唐思阳,赵瑾,江玲娜,张芳丽"
2895,同步教材：北师大版小学英语五年级上册,,启用,同步名师视频,小学,英语,小学五年级,北京师范大学出版社,2008,,,上册,,,"陈玲,张谊姝"
2896,同步教材：北师大版小学英语五年级下册,,启用,同步名师视频,小学,英语,小学五年级,北京师范大学出版社,2008,,,下册,,,"西国栋,张星"
2897,同步教材：北师大版小学英语六年级上册,,启用,同步名师视频,小学,英语,小学六年级,北京师范大学出版社,2006,,,上册,,,"李婷,王丹,陈玲"
2898,同步教材：北师大版小学英语三年级下册,,启用,同步名师视频,小学,英语,小学三年级,北京师范大学出版社,2012,,,下册,,," "
2899,同步教材：北师大版小学英语四年级下册,,启用,同步名师视频,小学,英语,小学四年级,北京师范大学出版社,2013,,,下册,,," "
2900,同步教材：北师大版小学英语五年级上册,,启用,同步名师视频,小学,英语,小学五年级,北京师范大学出版社,2014,,,上册,,," "
2901,同步教材：北师大版小学英语五年级下册,,启用,同步名师视频,小学,英语,小学五年级,北京师范大学出版社,2014,,,下册,,," "
2902,同步教材：北师大版小学英语六年级上册,,启用,同步名师视频,小学,英语,小学六年级,北京师范大学出版社,2014,,,上册,,," "
2903,同步教材：北师大版小学英语六年级下册,,启用,同步名师视频,小学,英语,小学六年级,北京师范大学出版社,2014,,,下册,,,"吴琼,西国栋"
2904,同步教材：北师大版小学语文一年级上册,,启用,同步名师视频,小学,语文,小学一年级,北京师范大学出版社,2016,,,上册,,,"孟月,汪梅"
2905,同步教材：北师大版小学语文一年级下册,,启用,同步名师视频,小学,语文,小学一年级,北京师范大学出版社,2007,,,下册,,,"翁媛媛,彭琪"
2906,同步教材：北师大版小学语文二年级上册,,启用,同步名师视频,小学,语文,小学二年级,北京师范大学出版社,2008,,,上册,,,"赵华,翁媛媛"
2907,同步教材：北师大版小学语文二年级下册,,启用,同步名师视频,小学,语文,小学二年级,北京师范大学出版社,2008,,,下册,,,"翁媛媛,李寒,刘亚慧"
2908,同步教材：北师大版小学语文三年级上册,,启用,同步名师视频,小学,语文,小学三年级,北京师范大学出版社,2009,,,上册,,,刘蕴娇
2909,同步教材：北师大版小学语文三年级下册,,启用,同步名师视频,小学,语文,小学三年级,北京师范大学出版社,2009,,,下册,,,"丁新,朱娟丽"
2910,同步教材：北师大版小学语文四年级上册,,启用,同步名师视频,小学,语文,小学四年级,北京师范大学出版社,2009,,,上册,,,朱娟丽
2911,同步教材：北师大版小学语文四年级下册,,启用,同步名师视频,小学,语文,小学四年级,北京师范大学出版社,2009,,,下册,,,"汪波,杜平,朱娟丽"
2912,同步教材：北师大版小学语文五年级上册,,启用,同步名师视频,小学,语文,小学五年级,北京师范大学出版社,2010,,,上册,,,申旭兵
2913,同步教材：北师大版小学语文五年级下册,,启用,同步名师视频,小学,语文,小学五年级,北京师范大学出版社,2010,,,下册,,,卜太玲
2914,同步教材：北师大版小学语文六年级上册,,启用,同步名师视频,小学,语文,小学六年级,北京师范大学出版社,2009,,,上册,,,周小满
2915,同步教材：北师大版小学语文六年级下册,,启用,同步名师视频,小学,语文,小学六年级,北京师范大学出版社,2011,,,下册,,,"曲自洁,朱娟丽,杨阳"
2916,同步教材：北师大版小学语文一年级上册,,启用,同步名师视频,小学,语文,小学一年级,北京师范大学出版社,2006,,,上册,,," "
2917,同步教材：北师大版小学语文一年级下册,,启用,同步名师视频,小学,语文,小学一年级,北京师范大学出版社,2008,,,下册,,," "
2918,同步教材：北师大版小学英语二年级下册,,启用,同步名师视频,小学,英语,小学二年级,北京师范大学出版社,2005,,,下册,,," "
2919,同步教材：北师大版小学英语三年级上册,,启用,同步名师视频,小学,英语,小学三年级,北京师范大学出版社,2006,,,上册,,," "
2920,同步教材：北师大版小学英语三年级下册,,启用,同步名师视频,小学,英语,小学三年级,北京师范大学出版社,2006,,,下册,,," "
2921,同步教材：北师大版小学英语四年级下册,,启用,同步名师视频,小学,英语,小学四年级,北京师范大学出版社,2015,,,下册,,," "
2922,同步教材：北师大版小学英语三年级下册,,启用,同步名师视频,小学,英语,小学三年级,北京师范大学出版社,2005,,,下册,,," "
2923,同步教材：北师大版小学英语四年级上册,,启用,同步名师视频,小学,英语,小学四年级,北京师范大学出版社,2006,,,上册,,," "
2924,同步教材：北师大版小学英语四年级下册,,启用,同步名师视频,小学,英语,小学四年级,北京师范大学出版社,2006,,,下册,,," "
2925,同步教材：北师大版小学英语六年级上册,,启用,同步名师视频,小学,英语,小学六年级,北京师范大学出版社,2005,,,上册,,," "
2926,同步教材：北师大版小学英语六年级下册,,启用,同步名师视频,小学,英语,小学六年级,北京师范大学出版社,2005,,,下册,,," "
2927,同步教材：牛津上海版小学英语一年级上册,,启用,同步名师视频,小学,英语,小学一年级,上海教育出版社,2007,,,上册,,,王玲令
2928,同步教材：牛津上海版小学英语一年级下册,,启用,同步名师视频,小学,英语,小学一年级,上海教育出版社,2008,,,下册,,,王贝
2929,同步教材：牛津上海版小学英语二年级上册,,启用,同步名师视频,小学,英语,小学二年级,上海教育出版社,2008,,,上册,,,万玉英
2930,同步教材：牛津上海版小学英语二年级下册,,启用,同步名师视频,小学,英语,小学二年级,上海教育出版社,2009,,,下册,,,王贝
2931,同步教材：牛津上海版小学英语三年级上册,,启用,同步名师视频,小学,英语,小学三年级,上海教育出版社,2009,,,上册,,,万玉英
2932,同步教材：牛津上海版小学英语三年级下册,,启用,同步名师视频,小学,英语,小学三年级,上海教育出版社,2010,,,下册,,,于蓝妮
2933,同步教材：牛津上海版小学英语四年级上册,,启用,同步名师视频,小学,英语,小学四年级,上海教育出版社,2010,,,上册,,,迪丽阿勒
2934,同步教材：牛津上海版小学英语四年级下册,,启用,同步名师视频,小学,英语,小学四年级,上海教育出版社,2011,,,下册,,,王贝
2935,同步教材：牛津上海版小学英语五年级上册,,启用,同步名师视频,小学,英语,小学五年级,上海教育出版社,2011,,,上册,,,"王凤霞,周莞青"
2936,同步教材：牛津上海版小学英语五年级下册,,启用,同步名师视频,小学,英语,小学五年级,上海教育出版社,2012,,,下册,,,王贝
2937,同步教材：牛津上海版小学英语六年级上册,,启用,同步名师视频,小学,英语,小学六年级,上海教育出版社,2012,,,上册,,,"李婷,张丹玲"
2938,同步教材：牛津上海版小学英语六年级下册,,启用,同步名师视频,小学,英语,小学六年级,上海教育出版社,2008,,,下册,,,李婷
2939,同步教材：新世纪版小学英语一年级上册,,启用,同步名师视频,小学,英语,小学一年级,上海外语教育出版社,2007,,,上册,,,王玲令
2940,同步教材：新世纪版小学英语一年级下册,,启用,同步名师视频,小学,英语,小学一年级,上海外语教育出版社,2008,,,下册,,,吕航娟
2941,同步教材：新世纪版小学英语二年级上册,,启用,同步名师视频,小学,英语,小学二年级,上海外语教育出版社,2008,,,上册,,,张丹玲
2942,同步教材：新世纪版小学英语二年级下册,,启用,同步名师视频,小学,英语,小学二年级,上海外语教育出版社,2009,,,下册,,,付婧
2943,同步教材：新世纪版小学英语三年级上册,,启用,同步名师视频,小学,英语,小学三年级,上海外语教育出版社,2009,,,上册,,,周莞青
2944,同步教材：新世纪版小学英语三年级下册,,启用,同步名师视频,小学,英语,小学三年级,上海外语教育出版社,2010,,,下册,,,王洁
2945,同步教材：新世纪版小学英语四年级上册,,启用,同步名师视频,小学,英语,小学四年级,上海外语教育出版社,2010,,,上册,,,王贝
2946,同步教材：新世纪版小学英语四年级下册,,启用,同步名师视频,小学,英语,小学四年级,上海外语教育出版社,2010,,,下册,,,王洁
2947,同步教材：新世纪版小学英语五年级上册,,启用,同步名师视频,小学,英语,小学五年级,上海外语教育出版社,2011,,,上册,,,王贝
2948,同步教材：新世纪版小学英语五年级下册,,启用,同步名师视频,小学,英语,小学五年级,上海外语教育出版社,2012,,,下册,,,"郭钰慧,于帆"
2949,同步教材：新世纪版小学英语六年级上册,,启用,同步名师视频,小学,英语,小学六年级,上海外语教育出版社,2007,,,上册,,,王贝
2950,同步教材：新世纪版小学英语六年级下册,,启用,同步名师视频,小学,英语,小学六年级,上海外语教育出版社,2009,,,下册,,,"郭懿静,苏恩钊"
2951,同步教材：少儿版小学数学一年级上册,,启用,同步名师视频,小学,数学,小学一年级,少年儿童出版社,2008,,,上册,,,"宿辉,王亚文"
2952,同步教材：少儿版小学数学一年级下册,,启用,同步名师视频,小学,数学,小学一年级,少年儿童出版社,2009,,,下册,,,朱佳慧
2953,同步教材：少儿版小学数学二年级上册,,启用,同步名师视频,小学,数学,小学二年级,少年儿童出版社,2009,,,上册,,,"苗卓芳,王亚文"
2954,同步教材：少儿版小学数学二年级下册,,启用,同步名师视频,小学,数学,小学二年级,少年儿童出版社,2010,,,下册,,,朱佳慧
2955,同步教材：外研版小学英语三年级上册,,启用,同步名师视频,小学,英语,小学三年级,外语教学与研究出版社,2012,,,上册,,,"韩璐,左惠连"
2956,同步教材：外研版小学英语三年级下册,,启用,同步名师视频,小学,英语,小学三年级,外语教学与研究出版社,2012,,,下册,,,"雷雪泉,杨小梅"
2957,同步教材：外研版小学英语四年级上册,,启用,同步名师视频,小学,英语,小学四年级,外语教学与研究出版社,2013,,,上册,,,"张毅华,赵瑾,高颖"
2958,同步教材：外研版小学英语四年级下册,,启用,同步名师视频,小学,英语,小学四年级,外语教学与研究出版社,2013,,,下册,,,"马丽卿,王倩"
2959,同步教材：外研版小学英语五年级上册,,启用,同步名师视频,小学,英语,小学五年级,外语教学与研究出版社,2014,,,上册,,,"李妍妍,张丹玲"
2960,同步教材：外研版小学英语五年级下册,,启用,同步名师视频,小学,英语,小学五年级,外语教学与研究出版社,2014,,,下册,,,"张佳瑞,张丹玲,杜霞"
2961,同步教材：外研版小学英语六年级上册,,启用,同步名师视频,小学,英语,小学六年级,外语教学与研究出版社,2014,,,上册,,,"王贝,周雪梅,张海慧"
2962,同步教材：外研版小学英语六年级下册,,启用,同步名师视频,小学,英语,小学六年级,外语教学与研究出版社,2014,,,下册,,,"李妍妍,张丹玲,李艳"
2963,同步教材：外研版小学英语一年级上册,,启用,同步名师视频,小学,英语,小学一年级,外语教学与研究出版社,2012,,,上册,,,常恩娟
2964,同步教材：外研版小学英语一年级下册,,启用,同步名师视频,小学,英语,小学一年级,外语教学与研究出版社,2012,,,下册,,,万玉英
2965,同步教材：外研版小学英语二年级上册,,启用,同步名师视频,小学,英语,小学二年级,外语教学与研究出版社,2013,,,上册,,,杨艳
2966,同步教材：外研版小学英语二年级下册,,启用,同步名师视频,小学,英语,小学二年级,外语教学与研究出版社,2013,,,下册,,,"万玉英,高颖"
2967,同步教材：外研版小学英语三年级上册,,启用,同步名师视频,小学,英语,小学三年级,外语教学与研究出版社,2014,,,上册,,," "
2968,同步教材：外研版小学英语三年级下册,,启用,同步名师视频,小学,英语,小学三年级,外语教学与研究出版社,2014,,,下册,,," "
2969,同步教材：外研版小学英语四年级上册,,启用,同步名师视频,小学,英语,小学四年级,外语教学与研究出版社,2014,,,上册,,," "
2970,同步教材：外研版小学英语四年级下册,,启用,同步名师视频,小学,英语,小学四年级,外语教学与研究出版社,2014,,,下册,,," "
2971,同步教材：外研版小学英语六年级上册,,启用,同步名师视频,小学,英语,小学六年级,外语教学与研究出版社,2006,,,上册,,," "
2972,同步教材：外研版小学英语四年级上册,,启用,同步名师视频,小学,英语,小学四年级,外语教学与研究出版社,2006,,,上册,,," "
2973,同步教材：外研版小学英语五年级下册,,启用,同步名师视频,小学,英语,小学五年级,外语教学与研究出版社,2003,,,下册,,," "
2974,同步教材：外研版小学英语六年级下册,,启用,同步名师视频,小学,英语,小学六年级,外语教学与研究出版社,2004,,,下册,,," "
2975,同步教材：教科版小学英语三年级上册,,启用,同步名师视频,小学,英语,小学三年级,教育科学出版社,2012,,,上册,,,"袁梦淼,周莞青,张丹玲"
2976,同步教材：教科版小学英语三年级下册,,启用,同步名师视频,小学,英语,小学三年级,教育科学出版社,2012,,,下册,,,倪云霞
2977,同步教材：教科版小学英语四年级上册,,启用,同步名师视频,小学,英语,小学四年级,教育科学出版社,2013,,,上册,,,"倪云霞,张丹玲"
2978,同步教材：教科版小学英语四年级下册,,启用,同步名师视频,小学,英语,小学四年级,教育科学出版社,2013,,,下册,,,倪林子
2979,同步教材：教科版小学英语五年级上册,,启用,同步名师视频,小学,英语,小学五年级,教育科学出版社,2014,,,上册,,,"杜燕颖,张丹玲"
2980,同步教材：教科版小学英语五年级下册,,启用,同步名师视频,小学,英语,小学五年级,教育科学出版社,2014,,,下册,,,张杰
2981,同步教材：教科版小学英语六年级上册,,启用,同步名师视频,小学,英语,小学六年级,教育科学出版社,2014,,,上册,,,雷雪泉
2982,同步教材：教科版小学英语六年级下册,,启用,同步名师视频,小学,英语,小学六年级,教育科学出版社,2014,,,下册,,,雷雪泉
2983,同步教材：教科版小学科学三年级上册,,启用,同步名师视频,小学,科学,小学三年级,教育科学出版社,2002,,,上册,,,刘毅
2984,同步教材：教科版小学科学三年级下册,,启用,同步名师视频,小学,科学,小学三年级,教育科学出版社,2002,,,下册,,,"石蓉,刘菲"
2985,同步教材：教科版小学科学四年级上册,,启用,同步名师视频,小学,科学,小学四年级,教育科学出版社,2002,,,上册,,,刘毅
2986,同步教材：教科版小学科学四年级下册,,启用,同步名师视频,小学,科学,小学四年级,教育科学出版社,2002,,,下册,,,"何晓光,石蓉"
2987,同步教材：教科版小学科学五年级上册,,启用,同步名师视频,小学,科学,小学五年级,教育科学出版社,2003,,,上册,,,蒲镟同
2988,同步教材：教科版小学科学五年级下册,,启用,同步名师视频,小学,科学,小学五年级,教育科学出版社,2003,,,下册,,,崔丽
2989,同步教材：教科版小学科学六年级上册,,启用,同步名师视频,小学,科学,小学六年级,教育科学出版社,2004,,,上册,,,孙舒亭
2990,同步教材：教科版小学科学六年级下册,,启用,同步名师视频,小学,科学,小学六年级,教育科学出版社,2004,,,下册,,,何晓光
2991,同步教材：教科版小学语文一年级上册,,启用,同步名师视频,小学,语文,小学一年级,教育科学出版社,2004,,,上册,,,"张玲,邱红丽"
2992,同步教材：教科版小学语文一年级下册,,启用,同步名师视频,小学,语文,小学一年级,教育科学出版社,2004,,,下册,,,汤雅玲
2993,同步教材：教科版小学语文二年级上册,,启用,同步名师视频,小学,语文,小学二年级,教育科学出版社,2004,,,上册,,,操娜
2994,同步教材：教科版小学语文二年级下册,,启用,同步名师视频,小学,语文,小学二年级,教育科学出版社,2005,,,下册,,,陈佳浩
2995,同步教材：教科版小学语文三年级上册,,启用,同步名师视频,小学,语文,小学三年级,教育科学出版社,2005,,,上册,,,丁彦霞
2996,同步教材：教科版小学语文三年级下册,,启用,同步名师视频,小学,语文,小学三年级,教育科学出版社,2005,,,下册,,,肖彤
2997,同步教材：教科版小学语文四年级上册,,启用,同步名师视频,小学,语文,小学四年级,教育科学出版社,2015,,,上册,,,张玲
2998,同步教材：教科版小学语文四年级下册,,启用,同步名师视频,小学,语文,小学四年级,教育科学出版社,2005,,,下册,,,倪卓
2999,同步教材：教科版小学语文五年级上册,,启用,同步名师视频,小学,语文,小学五年级,教育科学出版社,2006,,,上册,,,"张孟凡,许晓矽"
3000,同步教材：教科版小学语文五年级下册,,启用,同步名师视频,小学,语文,小学五年级,教育科学出版社,2006,,,下册,,,郭佳星
3001,同步教材：教科版小学语文六年级上册,,启用,同步名师视频,小学,语文,小学六年级,教育科学出版社,2007,,,上册,,,何燕娜
3002,同步教材：教科版小学语文六年级下册,,启用,同步名师视频,小学,语文,小学六年级,教育科学出版社,2007,,,下册,,,郭佳星
3003,同步教材：教科版小学语文一年级上册,,启用,同步名师视频,小学,语文,小学一年级,教育科学出版社,2016,,,上册,,," "
3004,同步教材：鲁科版小学英语三年级上册,,启用,同步名师视频,小学,英语,小学三年级,山东科学技术出版社,2012,,,上册,,,周君
3005,同步教材：鲁科版小学英语三年级下册,,启用,同步名师视频,小学,英语,小学三年级,山东科学技术出版社,2010,,,下册,,,"陈向荣,王珍榕"
3006,同步教材：鲁科版小学英语四年级上册,,启用,同步名师视频,小学,英语,小学四年级,山东科学技术出版社,2012,,,上册,,,"王丽明,王佳宁"
3007,同步教材：鲁科版小学英语四年级下册,,启用,同步名师视频,小学,英语,小学四年级,山东科学技术出版社,2011,,,下册,,,陈向荣
3008,同步教材：鲁科版小学英语五年级上册,,启用,同步名师视频,小学,英语,小学五年级,山东科学技术出版社,2013,,,上册,,,"左惠连,张毅华"
3009,同步教材：鲁科版小学英语五年级下册,,启用,同步名师视频,小学,英语,小学五年级,山东科学技术出版社,2012,,,下册,,,张毅华
3010,同步教材：语文版小学语文一年级上册,,启用,同步名师视频,小学,语文,小学一年级,语文出版社,2003,,,上册,,,杨思思
3011,同步教材：语文版小学语文二年级上册,,启用,同步名师视频,小学,语文,小学二年级,语文出版社,2004,,,上册,,,张玲
3012,同步教材：语文版小学语文三年级上册,,启用,同步名师视频,小学,语文,小学三年级,语文出版社,2006,,,上册,,,"杨思思,王爽"
3013,同步教材：语文版小学语文四年级上册,,启用,同步名师视频,小学,语文,小学四年级,语文出版社,2006,,,上册,,,"杨思思,陈佳浩"
3014,同步教材：语文版小学语文四年级下册,,启用,同步名师视频,小学,语文,小学四年级,语文出版社,2006,,,下册,,,"邓晓芳,倪卓"
3015,同步教材：语文版小学语文五年级上册,,启用,同步名师视频,小学,语文,小学五年级,语文出版社,2006,,,上册,,,"蒋健青,冯艳"
3016,同步教材：语文版小学语文五年级下册,,启用,同步名师视频,小学,语文,小学五年级,语文出版社,2007,,,下册,,,肖彤
3017,同步教材：语文版小学语文六年级上册,,启用,同步名师视频,小学,语文,小学六年级,语文出版社,2007,,,上册,,,"丁彦霞,张玲"
3018,同步教材：语文版小学语文五年级上册,,启用,同步名师视频,小学,语文,小学五年级,语文出版社,2007,,,上册,,," "
3019,同步教材：语文版小学语文六年级上册,,启用,同步名师视频,小学,语文,小学六年级,语文出版社,2010,,,上册,,," "
3020,同步教材：语文版小学语文一年级下册,,启用,同步名师视频,小学,语文,小学一年级,语文出版社,2005,,,下册,,,"徐霓虹,王子童,郭栋"
3021,同步教材：语文版小学语文一年级下册,,启用,同步名师视频,小学,语文,小学一年级,语文出版社,2016,,,下册,,," "
3022,同步教材：冀教版小学数学一年级上册,,启用,同步名师视频,小学,数学,小学一年级,河北教育出版社,2012,,,上册,,,庄鑫锐
3023,同步教材：冀教版小学数学一年级下册,,启用,同步名师视频,小学,数学,小学一年级,河北教育出版社,2013,,,下册,,,"张琼,刘毅"
3024,同步教材：冀教版小学数学二年级上册,,启用,同步名师视频,小学,数学,小学二年级,河北教育出版社,2013,,,上册,,,苗萌
3025,同步教材：冀教版小学数学二年级下册,,启用,同步名师视频,小学,数学,小学二年级,河北教育出版社,2013,,,下册,,,张娜
3026,同步教材：冀教版小学数学三年级上册,,启用,同步名师视频,小学,数学,小学三年级,河北教育出版社,2014,,,上册,,,邓秋莹
3027,同步教材：冀教版小学数学三年级下册,,启用,同步名师视频,小学,数学,小学三年级,河北教育出版社,2014,,,下册,,,李彤
3028,同步教材：冀教版小学数学四年级上册,,启用,同步名师视频,小学,数学,小学四年级,河北教育出版社,2014,,,上册,,,赵潇飞
3029,同步教材：冀教版小学数学四年级下册,,启用,同步名师视频,小学,数学,小学四年级,河北教育出版社,2014,,,下册,,,张迪
3030,同步教材：冀教版小学数学五年级上册,,启用,同步名师视频,小学,数学,小学五年级,河北教育出版社,2014,,,上册,,,李彤
3031,同步教材：冀教版小学数学五年级下册,,启用,同步名师视频,小学,数学,小学五年级,河北教育出版社,2014,,,下册,,,程来魁
3032,同步教材：冀教版小学数学六年级上册,,启用,同步名师视频,小学,数学,小学六年级,河北教育出版社,2014,,,上册,,,邓秋莹
3033,同步教材：冀教版小学数学六年级下册,,启用,同步名师视频,小学,数学,小学六年级,河北教育出版社,2014,,,下册,,,李彤
3034,同步教材：冀教版小学语文一年级上册,,启用,同步名师视频,小学,语文,小学一年级,河北教育出版社,2016,,,上册,,,"姚艺艺,杨静蕊"
3035,同步教材：冀教版小学语文一年级下册,,启用,同步名师视频,小学,语文,小学一年级,河北教育出版社,2008,,,下册,,,"杨静蕊,彭琪"
3036,同步教材：冀教版小学语文二年级上册,,启用,同步名师视频,小学,语文,小学二年级,河北教育出版社,2008,,,上册,,,王佩
3037,同步教材：冀教版小学语文二年级下册,,启用,同步名师视频,小学,语文,小学二年级,河北教育出版社,2008,,,下册,,,刘蕴娇
3038,同步教材：冀教版小学语文三年级上册,,启用,同步名师视频,小学,语文,小学三年级,河北教育出版社,2006,,,上册,,,梁薇
3039,同步教材：冀教版小学语文三年级下册,,启用,同步名师视频,小学,语文,小学三年级,河北教育出版社,2008,,,下册,,,徐雨露
3040,同步教材：冀教版小学语文四年级上册,,启用,同步名师视频,小学,语文,小学四年级,河北教育出版社,2008,,,上册,,,王圆
3041,同步教材：冀教版小学语文四年级下册,,启用,同步名师视频,小学,语文,小学四年级,河北教育出版社,2008,,,下册,,,郭佳星
3042,同步教材：冀教版小学语文五年级上册,,启用,同步名师视频,小学,语文,小学五年级,河北教育出版社,2008,,,上册,,,陈陈
3043,同步教材：冀教版小学语文五年级下册,,启用,同步名师视频,小学,语文,小学五年级,河北教育出版社,2008,,,下册,,,杨会勤
3044,同步教材：冀教版小学语文六年级上册,,启用,同步名师视频,小学,语文,小学六年级,河北教育出版社,2008,,,上册,,,李育博
3045,同步教材：冀教版小学语文六年级下册,,启用,同步名师视频,小学,语文,小学六年级,河北教育出版社,2008,,,下册,,,邱晓颖
3046,同步教材：冀教版小学英语一年级上册,,启用,同步名师视频,小学,英语,小学一年级,河北教育出版社,2012,,,上册,,,李艳
3047,同步教材：冀教版小学英语一年级下册,,启用,同步名师视频,小学,英语,小学一年级,河北教育出版社,2012,,,下册,,,李艳
3048,同步教材：冀教版小学英语二年级上册,,启用,同步名师视频,小学,英语,小学二年级,河北教育出版社,2013,,,上册,,,弋英
3049,同步教材：冀教版小学英语二年级下册,,启用,同步名师视频,小学,英语,小学二年级,河北教育出版社,2013,,,下册,,,李艳
3050,同步教材：冀教版小学英语三年级上册,,启用,同步名师视频,小学,英语,小学三年级,河北教育出版社,2014,,,上册,,,"韩璐,李晓慧"
3051,同步教材：冀教版小学英语三年级下册,,启用,同步名师视频,小学,英语,小学三年级,河北教育出版社,2014,,,下册,,,"陈向荣,易红辉"
3052,同步教材：冀教版小学英语四年级上册,,启用,同步名师视频,小学,英语,小学四年级,河北教育出版社,2014,,,上册,,,"吕航娟,何珊,张毅华,杨澜,杨艳"
3053,同步教材：冀教版小学英语四年级下册,,启用,同步名师视频,小学,英语,小学四年级,河北教育出版社,2014,,,下册,,,"陈向荣,李艳"
3054,同步教材：冀教版小学英语五年级上册,,启用,同步名师视频,小学,英语,小学五年级,河北教育出版社,2014,,,上册,,,"杨艳丽,陈向荣"
3055,同步教材：冀教版小学英语五年级下册,,启用,同步名师视频,小学,英语,小学五年级,河北教育出版社,2014,,,下册,,,"张迪,万玉英,安娜"
3056,同步教材：冀教版小学英语六年级上册,,启用,同步名师视频,小学,英语,小学六年级,河北教育出版社,2014,,,上册,,,"张敏,李婷"
3057,同步教材：冀教版小学英语六年级下册,,启用,同步名师视频,小学,英语,小学六年级,河北教育出版社,2014,,,下册,,,"张胜男,李婷"
3058,同步教材：冀教版小学英语三年级上册,,启用,同步名师视频,小学,英语,小学三年级,河北教育出版社,2012,,,上册,,," "
3059,同步教材：冀教版小学英语三年级下册,,启用,同步名师视频,小学,英语,小学三年级,河北教育出版社,2012,,,下册,,," "
3060,同步教材：冀教版小学英语四年级上册,,启用,同步名师视频,小学,英语,小学四年级,河北教育出版社,2013,,,上册,,," "
3061,同步教材：冀教版小学英语四年级下册,,启用,同步名师视频,小学,英语,小学四年级,河北教育出版社,2013,,,下册,,," "
3062,同步教材：冀教版小学语文一年级上册,,启用,同步名师视频,小学,语文,小学一年级,河北教育出版社,2008,,,上册,,," "
3063,同步教材：冀教版小学语文一年级下册,,启用,同步名师视频,小学,语文,小学一年级,河北教育出版社,2016,,,下册,,," "
3064,同步教材：陕旅版小学英语三年级上册,,启用,同步名师视频,小学,英语,小学三年级,陕西旅游出版社,2012,,,上册,,,林亚光
3065,同步教材：陕旅版小学英语三年级下册,,启用,同步名师视频,小学,英语,小学三年级,陕西旅游出版社,2012,,,下册,,,"张芳丽,左惠连"
3066,同步教材：陕旅版小学英语四年级上册,,启用,同步名师视频,小学,英语,小学四年级,陕西旅游出版社,2013,,,上册,,,梁玉梅
3067,同步教材：陕旅版小学英语四年级下册,,启用,同步名师视频,小学,英语,小学四年级,陕西旅游出版社,2013,,,下册,,,"左惠连,周旭"
3068,同步教材：陕旅版小学英语五年级上册,,启用,同步名师视频,小学,英语,小学五年级,陕西旅游出版社,2014,,,上册,,,骆姣
3069,同步教材：陕旅版小学英语五年级下册,,启用,同步名师视频,小学,英语,小学五年级,陕西旅游出版社,2014,,,下册,,,张毅华
3070,同步教材：陕旅版小学英语六年级上册,,启用,同步名师视频,小学,英语,小学六年级,陕西旅游出版社,2014,,,上册,,,王瑾
3071,同步教材：陕旅版小学英语六年级下册,,启用,同步名师视频,小学,英语,小学六年级,陕西旅游出版社,2014,,,下册,,,柴女
3072,同步教材：湘少版小学英语三年级上册,,启用,同步名师视频,小学,英语,小学三年级,湖南少年儿童出版社,2012,,,上册,,,史肖杰
3073,同步教材：湘少版小学英语三年级下册,,启用,同步名师视频,小学,英语,小学三年级,湖南少年儿童出版社,2012,,,下册,,,安娜
3074,同步教材：湘少版小学英语四年级上册,,启用,同步名师视频,小学,英语,小学四年级,湖南少年儿童出版社,2013,,,上册,,,周家文
3075,同步教材：湘少版小学英语四年级下册,,启用,同步名师视频,小学,英语,小学四年级,湖南少年儿童出版社,2013,,,下册,,,冯雅琨
3076,同步教材：湘少版小学英语五年级上册,,启用,同步名师视频,小学,英语,小学五年级,湖南少年儿童出版社,2014,,,上册,,,"周家文,任真"
3077,同步教材：湘少版小学英语五年级下册,,启用,同步名师视频,小学,英语,小学五年级,湖南少年儿童出版社,2014,,,下册,,,张毅华
3078,同步教材：湘少版小学英语六年级上册,,启用,同步名师视频,小学,英语,小学六年级,湖南少年儿童出版社,2013,,,上册,,,刘蓉
3079,同步教材：湘少版小学英语六年级下册,,启用,同步名师视频,小学,英语,小学六年级,湖南少年儿童出版社,2014,,,下册,,,张毅华
3080,同步教材：北京版小学数学一年级上册,,启用,同步名师视频,小学,数学,小学一年级,北京出版社,2013,,,上册,,,刘俊
3081,同步教材：北京版小学数学一年级下册,,启用,同步名师视频,小学,数学,小学一年级,北京出版社,2013,,,下册,,,黄晓雯
3082,同步教材：北京版小学数学二年级上册,,启用,同步名师视频,小学,数学,小学二年级,北京出版社,2014,,,上册,,,董翠苓
3083,同步教材：北京版小学数学二年级下册,,启用,同步名师视频,小学,数学,小学二年级,北京出版社,2015,,,下册,,,黄晓雯
3084,同步教材：北京版小学数学三年级上册,,启用,同步名师视频,小学,数学,小学三年级,北京出版社,2014,,,上册,,,刘璐璐
3085,同步教材：北京版小学数学三年级下册,,启用,同步名师视频,小学,数学,小学三年级,北京出版社,2015,,,下册,,,韩虹璐
3086,同步教材：北京版小学数学四年级上册,,启用,同步名师视频,小学,数学,小学四年级,北京出版社,2014,,,上册,,,刘璐璐
3087,同步教材：北京版小学数学四年级下册,,启用,同步名师视频,小学,数学,小学四年级,北京出版社,2015,,,下册,,,刘璐璐
3088,同步教材：北京版小学数学五年级上册,,启用,同步名师视频,小学,数学,小学五年级,北京出版社,2014,,,上册,,,黄晓雯
3089,同步教材：北京版小学数学五年级下册,,启用,同步名师视频,小学,数学,小学五年级,北京出版社,2015,,,下册,,,刘俊
3090,同步教材：北京版小学数学六年级上册,,启用,同步名师视频,小学,数学,小学六年级,北京出版社,2014,,,上册,,,董翠苓
3091,同步教材：北京版小学数学六年级下册,,启用,同步名师视频,小学,数学,小学六年级,北京出版社,2015,,,下册,,,韩虹璐
3092,同步教材：北京版小学英语一年级上册,,启用,同步名师视频,小学,英语,小学一年级,北京出版社,2013,,,上册,,,潘虹
3093,同步教材：北京版小学英语一年级下册,,启用,同步名师视频,小学,英语,小学一年级,北京出版社,2013,,,下册,,,张迪
3094,同步教材：北京版小学英语二年级上册,,启用,同步名师视频,小学,英语,小学二年级,北京出版社,2014,,,上册,,,潘虹
3095,同步教材：北京版小学英语二年级下册,,启用,同步名师视频,小学,英语,小学二年级,北京出版社,2015,,,下册,,,张迪
3096,同步教材：北京版小学英语三年级上册,,启用,同步名师视频,小学,英语,小学三年级,北京出版社,2014,,,上册,,,"刘爽,李妍妍"
3097,同步教材：北京版小学英语三年级下册,,启用,同步名师视频,小学,英语,小学三年级,北京出版社,2015,,,下册,,,吴曼
3098,同步教材：北京版小学英语四年级上册,,启用,同步名师视频,小学,英语,小学四年级,北京出版社,2014,,,上册,,,吴曼
3099,同步教材：北京版小学英语四年级下册,,启用,同步名师视频,小学,英语,小学四年级,北京出版社,2015,,,下册,,,李妍妍
3100,同步教材：北京版小学英语五年级上册,,启用,同步名师视频,小学,英语,小学五年级,北京出版社,2014,,,上册,,,朴伟怡
3101,同步教材：北京版小学英语五年级下册,,启用,同步名师视频,小学,英语,小学五年级,北京出版社,2015,,,下册,,,左惠连
3102,同步教材：北京版小学英语六年级上册,,启用,同步名师视频,小学,英语,小学六年级,北京出版社,2014,,,上册,,,张胜男
3103,同步教材：北京版小学英语六年级下册,,启用,同步名师视频,小学,英语,小学六年级,北京出版社,2015,,,下册,,,左惠连
3104,同步教材：川教版小学英语三年级上册,,启用,同步名师视频,小学,英语,小学三年级,四川教育出版社,2013,,,上册,,,张丹玲
3105,同步教材：川教版小学英语三年级下册,,启用,同步名师视频,小学,英语,小学三年级,四川教育出版社,2012,,,下册,,,张丹玲
3106,同步教材：川教版小学英语四年级上册,,启用,同步名师视频,小学,英语,小学四年级,四川教育出版社,2013,,,上册,,,李妍妍
3107,同步教材：川教版小学英语四年级下册,,启用,同步名师视频,小学,英语,小学四年级,四川教育出版社,2013,,,下册,,,左惠连
3108,同步教材：川教版小学英语五年级上册,,启用,同步名师视频,小学,英语,小学五年级,四川教育出版社,2014,,,上册,,,张丹玲
3109,同步教材：川教版小学英语五年级下册,,启用,同步名师视频,小学,英语,小学五年级,四川教育出版社,2014,,,下册,,,范文君
3110,同步教材：川教版小学英语六年级上册,,启用,同步名师视频,小学,英语,小学六年级,四川教育出版社,2015,,,上册,,,左惠连
3111,同步教材：川教版小学英语六年级下册,,启用,同步名师视频,小学,英语,小学六年级,四川教育出版社,2015,,,下册,,,"汪珍荣,李帅"
3112,同步教材：川教版小学英语六年级下册,,启用,同步名师视频,小学,英语,小学六年级,四川教育出版社,2008,,,下册,,," "
3113,同步教材：青岛版小学数学一年级上册,,启用,同步名师视频,小学,数学,小学一年级,青岛出版社,2012,,,上册,,,庄鑫锐
3114,同步教材：青岛版小学数学一年级下册,,启用,同步名师视频,小学,数学,小学一年级,青岛出版社,2013,,,下册,,,邓秋莹
3115,同步教材：青岛版小学数学二年级上册,,启用,同步名师视频,小学,数学,小学二年级,青岛出版社,2013,,,上册,,,田静
3116,同步教材：青岛版小学数学二年级下册,,启用,同步名师视频,小学,数学,小学二年级,青岛出版社,2014,,,下册,,,赵潇飞
3117,同步教材：青岛版小学数学三年级上册,,启用,同步名师视频,小学,数学,小学三年级,青岛出版社,2014,,,上册,,,苗卓芳
3118,同步教材：青岛版小学数学三年级下册,,启用,同步名师视频,小学,数学,小学三年级,青岛出版社,2015,,,下册,,,邓秋莹
3119,同步教材：青岛版小学数学四年级上册,,启用,同步名师视频,小学,数学,小学四年级,青岛出版社,2014,,,上册,,,苗卓芳
3120,同步教材：青岛版小学数学四年级下册,,启用,同步名师视频,小学,数学,小学四年级,青岛出版社,2015,,,下册,,,"邓秋莹,王"
3121,同步教材：青岛版小学数学五年级上册,,启用,同步名师视频,小学,数学,小学五年级,青岛出版社,2014,,,上册,,,邓秋莹
3122,同步教材：青岛版小学数学五年级下册,,启用,同步名师视频,小学,数学,小学五年级,青岛出版社,2015,,,下册,,,邓秋莹
3123,同步教材：西师大版小学数学三年级上册,,启用,同步名师视频,小学,数学,小学三年级,西南师范大学出版社,2014,,,上册,,,王秀丽
3124,同步教材：西师大版小学数学四年级上册,,启用,同步名师视频,小学,数学,小学四年级,西南师范大学出版社,2014,,,上册,,,彭程
3125,同步教材：西师大版小学数学五年级上册,,启用,同步名师视频,小学,数学,小学五年级,西南师范大学出版社,2014,,,上册,,,"李欣梦,李春杰"
3126,同步教材：西师大版小学数学六年级上册,,启用,同步名师视频,小学,数学,小学六年级,西南师范大学出版社,2014,,,上册,,,刘璐璐
3127,同步教材：科普版小学英语一年级上册,,启用,同步名师视频,小学,英语,小学一年级,科学普及出版社,2012,,,上册,,,王贝
3128,同步教材：科普版小学英语一年级下册,,启用,同步名师视频,小学,英语,小学一年级,科学普及出版社,2012,,,下册,,,王倩
3129,同步教材：科普版小学英语二年级上册,,启用,同步名师视频,小学,英语,小学二年级,科学普及出版社,2010,,,上册,,,袁梦淼
3130,同步教材：科普版小学英语二年级下册,,启用,同步名师视频,小学,英语,小学二年级,科学普及出版社,2010,,,下册,,,雷雪泉
3131,同步教材：科普版小学英语三年级上册,,启用,同步名师视频,小学,英语,小学三年级,科学普及出版社,2012,,,上册,,,李妍妍
3132,同步教材：科普版小学英语四年级上册,,启用,同步名师视频,小学,英语,小学四年级,科学普及出版社,2013,,,上册,,,左惠连
3133,同步教材：科普版小学英语五年级上册,,启用,同步名师视频,小学,英语,小学五年级,科学普及出版社,2014,,,上册,,,李增春
3134,同步教材：科普版小学英语六年级上册,,启用,同步名师视频,小学,英语,小学六年级,科学普及出版社,2015,,,上册,,,吴曼
3135,同步教材：译林版小学英语一年级上册,,启用,同步名师视频,小学,英语,小学一年级,译林出版社,2015,,,上册,,,王贝
3136,同步教材：译林版小学英语一年级下册,,启用,同步名师视频,小学,英语,小学一年级,译林出版社,2006,,,下册,,,李杨
3137,同步教材：译林版小学英语二年级上册,,启用,同步名师视频,小学,英语,小学二年级,译林出版社,2016,,,上册,,,张丹玲
3138,同步教材：译林版小学英语二年级下册,,启用,同步名师视频,小学,英语,小学二年级,译林出版社,2007,,,下册,,,陈玲
3139,同步教材：译林版小学英语三年级上册,,启用,同步名师视频,小学,英语,小学三年级,译林出版社,2006,,,上册,,,"陈玲,王鹏翔"
3140,同步教材：译林版小学英语三年级下册,,启用,同步名师视频,小学,英语,小学三年级,译林出版社,2001,,,下册,,,"杨秀娟,魏振华,王倩"
3141,同步教材：译林版小学英语四年级上册,,启用,同步名师视频,小学,英语,小学四年级,译林出版社,2013,,,上册,,,王洁
3142,同步教材：译林版小学英语四年级下册,,启用,同步名师视频,小学,英语,小学四年级,译林出版社,2001,,,下册,,,"杨秀娟,喻嘉毅"
3143,同步教材：译林版小学英语五年级上册,,启用,同步名师视频,小学,英语,小学五年级,译林出版社,2002,,,上册,,,"陈玲,王佳宁"
3144,同步教材：译林版小学英语五年级下册,,启用,同步名师视频,小学,英语,小学五年级,译林出版社,2002,,,下册,,,"杨秀娟,杨澜,方昱璇"
3145,同步教材：译林版小学英语六年级上册,,启用,同步名师视频,小学,英语,小学六年级,译林出版社,2003,,,上册,,,"高旭,王贝"
3146,同步教材：译林版小学英语六年级下册,,启用,同步名师视频,小学,英语,小学六年级,译林出版社,2003,,,下册,,,"高旭,杨秀娟,王倩"
3147,同步教材：译林版小学英语三年级上册,,启用,同步名师视频,小学,英语,小学三年级,译林出版社,2012,,,上册,,," "
3148,同步教材：译林版小学英语三年级下册,,启用,同步名师视频,小学,英语,小学三年级,译林出版社,2012,,,下册,,," "
3149,同步教材：译林版小学英语四年级下册,,启用,同步名师视频,小学,英语,小学四年级,译林出版社,2013,,,下册,,," "
3150,同步教材：译林版小学英语五年级上册,,启用,同步名师视频,小学,英语,小学五年级,译林出版社,2014,,,上册,,," "
3151,同步教材：译林版小学英语五年级下册,,启用,同步名师视频,小学,英语,小学五年级,译林出版社,2014,,,下册,,," "
3152,同步教材：译林版小学英语六年级上册,,启用,同步名师视频,小学,英语,小学六年级,译林出版社,2014,,,上册,,," "
3153,同步教材：译林版小学英语六年级下册,,启用,同步名师视频,小学,英语,小学六年级,译林出版社,2014,,,下册,,," "
3154,同步教材：长春版小学语文一年级上册,,启用,同步名师视频,小学,语文,小学一年级,其他出版社,2016,,,上册,,,"邱红丽,吴慧"
3155,同步教材：粤人版小学英语一年级上册,,启用,同步名师视频,小学,英语,小学一年级,广东人民出版社,2012,,,上册,,,"郑珊,王玲令"
3156,同步教材：粤人版小学英语一年级下册,,启用,同步名师视频,小学,英语,小学一年级,广东人民出版社,2011,,,下册,,,邢圆圆
3157,同步教材：粤人版小学英语二年级上册,,启用,同步名师视频,小学,英语,小学二年级,广东人民出版社,2012,,,上册,,,"郑珊,王玲令"
3158,同步教材：粤人版小学英语二年级下册,,启用,同步名师视频,小学,英语,小学二年级,广东人民出版社,2012,,,下册,,,张佳瑞
3159,同步教材：粤人版小学英语三年级上册,,启用,同步名师视频,小学,英语,小学三年级,广东人民出版社,2012,,,上册,,,吴曼
3160,同步教材：粤人版小学英语四年级上册,,启用,同步名师视频,小学,英语,小学四年级,广东人民出版社,2013,,,上册,,,王贝
3161,同步教材：粤人版小学英语五年级上册,,启用,同步名师视频,小学,英语,小学五年级,广东人民出版社,2014,,,上册,,,左惠连
3162,同步教材：粤人版小学英语五年级下册,,启用,同步名师视频,小学,英语,小学五年级,广东人民出版社,2014,,,下册,,,延燕
3163,同步教材：粤人版小学英语六年级上册,,启用,同步名师视频,小学,英语,小学六年级,广东人民出版社,2014,,,上册,,,李妍妍
3164,同步教材：粤人版小学英语六年级下册,,启用,同步名师视频,小学,英语,小学六年级,广东人民出版社,2014,,,下册,,,于帆
3165,同步教材：辽师大版小学英语六年级下册,,启用,同步名师视频,小学,英语,小学六年级,辽宁师范大学出版社,2015,,,下册,,,雷雪泉
3166,同步教材：科学版小学数学一年级上册,,启用,同步名师视频,小学,数学,小学一年级,科学出版社,2003,,,上册,,,张玲
3167,同步教材：科学版小学数学一年级下册,,启用,同步名师视频,小学,数学,小学一年级,科学出版社,2002,,,下册,,,刘璐璐
3168,同步教材：科学版小学数学二年级上册,,启用,同步名师视频,小学,数学,小学二年级,科学出版社,2003,,,上册,,,王亚文
3169,同步教材：科学版小学数学二年级下册,,启用,同步名师视频,小学,数学,小学二年级,科学出版社,2003,,,下册,,,李春杰
3170,同步教材：科学版小学数学三年级上册,,启用,同步名师视频,小学,数学,小学三年级,科学出版社,2003,,,上册,,,"彭宇拓,肖筱"
3171,同步教材：科学版小学数学三年级下册,,启用,同步名师视频,小学,数学,小学三年级,科学出版社,2003,,,下册,,,寇方泰
3172,同步教材：科学版小学数学四年级上册,,启用,同步名师视频,小学,数学,小学四年级,科学出版社,2003,,,上册,,,蒋健青
3173,同步教材：科学版小学数学四年级下册,,启用,同步名师视频,小学,数学,小学四年级,科学出版社,2003,,,下册,,,姚青
3174,同步教材：科学版小学数学五年级上册,,启用,同步名师视频,小学,数学,小学五年级,科学出版社,2003,,,上册,,,"肖筱,彭宇拓"
3175,同步教材：科学版小学数学五年级下册,,启用,同步名师视频,小学,数学,小学五年级,科学出版社,2003,,,下册,,,赵瑞
3176,同步教材：科学版小学数学六年级上册,,启用,同步名师视频,小学,数学,小学六年级,科学出版社,2003,,,上册,,,王亚文
3177,同步教材：科学版小学数学六年级下册,,启用,同步名师视频,小学,数学,小学六年级,科学出版社,2003,,,下册,,,汪丽芳
3178,同步教材：人教版初中语文七年级上册,,启用,同步名师视频,初中,语文,初中七年级,人民教育出版社,2013,,,上册,,,"龙琳,王辰昕"
3179,同步教材：人教版初中语文七年级下册,,启用,同步名师视频,初中,语文,初中七年级,人民教育出版社,2008,,,下册,,,"周小满,李漠生,彭青青,彭琪,王蒙"
3180,同步教材：人教版初中语文八年级上册,,启用,同步名师视频,初中,语文,初中八年级,人民教育出版社,2007,,,上册,,,"范洁,李漠生,赵志昊,彭琪"
3181,同步教材：人教版初中数学七年级上册,,启用,同步名师视频,初中,数学,初中七年级,人民教育出版社,2012,,,上册,,,"李皎,高磊"
3182,同步教材：人教版初中数学七年级下册,,启用,同步名师视频,初中,数学,初中七年级,人民教育出版社,2012,,,下册,,,高磊
3183,同步教材：人教版初中数学八年级上册,,启用,同步名师视频,初中,数学,初中八年级,人民教育出版社,2013,,,上册,,,"霍祝华,高磊"
3184,同步教材：人教版初中数学八年级下册,,启用,同步名师视频,初中,数学,初中八年级,人民教育出版社,2013,,,下册,,,张海乾
3185,同步教材：人教版初中数学九年级上册,,启用,同步名师视频,初中,数学,初中九年级,人民教育出版社,2014,,,上册,,,薛江辉
3186,同步教材：人教版初中数学九年级下册,,启用,同步名师视频,初中,数学,初中九年级,人民教育出版社,2014,,,下册,,,庄四化
3187,同步教材：人教版初中英语七年级上册,,启用,同步名师视频,初中,英语,初中七年级,人民教育出版社,2012,,,上册,,,"吕航娟,杨帆"
3188,同步教材：人教版初中英语七年级下册,,启用,同步名师视频,初中,英语,初中七年级,人民教育出版社,2012,,,下册,,,周旭
3189,同步教材：人教版初中英语八年级上册,,启用,同步名师视频,初中,英语,初中八年级,人民教育出版社,2013,,,上册,,,李婷
3190,同步教材：人教版初中英语八年级下册,,启用,同步名师视频,初中,英语,初中八年级,人民教育出版社,2013,,,下册,,,"王倩,段晓红,张雪莲"
3191,同步教材：人教版初中英语九年级全一册,,启用,同步名师视频,初中,英语,初中九年级,人民教育出版社,2014,,,全一册,,,"王佳宁,张胜男"
3192,同步教材：人教版初中政治七年级上册,,启用,同步名师视频,初中,政治,初中七年级,人民教育出版社,2016,,,上册,,,田娟
3193,同步教材：人教版初中政治八年级上册,,启用,同步名师视频,初中,政治,初中八年级,人民教育出版社,2013,,,上册,,,张旭东
3194,同步教材：人教版初中政治九年级全一册,,启用,同步名师视频,初中,政治,初中九年级,人民教育出版社,2008,,,全一册,,,朱文玲
3195,同步教材：人教版初中历史七年级上册,,启用,同步名师视频,初中,历史,初中七年级,人民教育出版社,2016,,,上册,,,"宋典,汪庆伟,周华"
3196,同步教材：人教版初中历史七年级下册,,启用,同步名师视频,初中,历史,初中七年级,人民教育出版社,2001,,,下册,,,汪庆伟
3197,同步教材：人教版初中历史八年级上册,,启用,同步名师视频,初中,历史,初中八年级,人民教育出版社,2006,,,上册,,,白建宗
3198,同步教材：人教版初中历史八年级下册,,启用,同步名师视频,初中,历史,初中八年级,人民教育出版社,2006,,,下册,,,白建宗
3199,同步教材：人教版初中历史九年级上册,,启用,同步名师视频,初中,历史,初中九年级,人民教育出版社,2007,,,上册,,,白建宗
3200,同步教材：人教版初中历史九年级下册,,启用,同步名师视频,初中,历史,初中九年级,人民教育出版社,2008,,,下册,,,周靖程
3201,同步教材：人教版初中地理七年级上册,,启用,同步名师视频,初中,地理,初中七年级,人民教育出版社,2012,,,上册,,,张存起
3202,同步教材：人教版初中地理七年级下册,,启用,同步名师视频,初中,地理,初中七年级,人民教育出版社,2012,,,下册,,,刘飞
3203,同步教材：人教版初中地理八年级上册,,启用,同步名师视频,初中,地理,初中八年级,人民教育出版社,2013,,,上册,,,刘飞
3204,同步教材：人教版初中地理八年级下册,,启用,同步名师视频,初中,地理,初中八年级,人民教育出版社,2013,,,下册,,,张存起
3205,同步教材：人教版初中物理八年级上册,,启用,同步名师视频,初中,物理,初中八年级,人民教育出版社,2012,,,上册,,,"杨银梅,纪红,董超"
3206,同步教材：人教版初中物理八年级下册,,启用,同步名师视频,初中,物理,初中八年级,人民教育出版社,2012,,,下册,,,纪红
3207,同步教材：人教版初中物理九年级全一册,,启用,同步名师视频,初中,物理,初中九年级,人民教育出版社,2013,,,全一册,,,"阳熠,郑海波,纪红,张浩"
3208,同步教材：人教版初中化学九年级上册,,启用,同步名师视频,初中,化学,初中九年级,人民教育出版社,2012,,,上册,,,夏九云
3209,同步教材：人教版初中化学九年级下册,,启用,同步名师视频,初中,化学,初中九年级,人民教育出版社,2012,,,下册,,,夏九云
3210,同步教材：人教版初中生物七年级上册,,启用,同步名师视频,初中,生物,初中七年级,人民教育出版社,,,,上册,,,"朱文军,石蓉"
3211,同步教材：人教版初中生物七年级上册,,启用,同步名师视频,初中,生物,初中七年级,人民教育出版社,2012,,,上册,,," "
3212,同步教材：人教版初中生物七年级下册,,启用,同步名师视频,初中,生物,初中七年级,人民教育出版社,2012,,,下册,,,关雪莲
3213,同步教材：人教版初中生物八年级上册,,启用,同步名师视频,初中,生物,初中八年级,人民教育出版社,2013,,,上册,,,丁俊华
3214,同步教材：人教版初中生物八年级下册,,启用,同步名师视频,初中,生物,初中八年级,人民教育出版社,2013,,,下册,,,张辉勇
3215,同步教材：人教版初中语文七年级上册,,启用,同步名师视频,初中,语文,初中七年级,人民教育出版社,2016,,,上册,,," "
3216,同步教材：人教版初中语文八年级下册,,启用,同步名师视频,初中,语文,初中八年级,人民教育出版社,2008,,,下册,,,彭琪
3217,同步教材：人教版初中语文九年级上册,,启用,同步名师视频,初中,语文,初中九年级,人民教育出版社,2003,,,上册,,,彭琪
3218,同步教材：人教版初中语文九年级下册,,启用,同步名师视频,初中,语文,初中九年级,人民教育出版社,2006,,,下册,,,"彭琪,董新娥"
3219,同步教材：人教版初中历史与社会七年级上册,,启用,同步名师视频,初中,历史与社会,初中七年级,人民教育出版社,2012,,,上册,,,刘飞
3220,同步教材：人教版初中历史七年级下册,,启用,同步名师视频,初中,历史,初中七年级,人民教育出版社,2016,,,下册,,," "
3221,同步教材：人教版初中语文七年级下册,,启用,同步名师视频,初中,语文,初中七年级,人民教育出版社,2016,,,下册,,," "
3222,同步教材：人教版初中政治七年级下册,,启用,同步名师视频,初中,政治,初中七年级,人民教育出版社,2016,,,下册,,,金建辉
3223,同步教材：人教版初中语文八年级上册,,启用,同步名师视频,初中,语文,初中八年级,人民教育出版社,2017,,,上册,,," "
3224,同步教材：人教版初中英语八年级下册,,启用,同步名师视频,初中,英语,初中八年级,人民教育出版社,2005,,,下册,,," "
3225,同步教材：人教版初中物理九年级全一册,,启用,同步名师视频,初中,物理,初中九年级,人民教育出版社,2006,,,全一册,,," "
3226,同步教材：人教版初中历史七年级上册,,启用,同步名师视频,初中,历史,初中七年级,人民教育出版社,2006,,,上册,,," "
3227,同步教材：鲁教版初中地理六年级（五四制）上册,,启用,同步名师视频,初中,地理,初中六年级,山东教育出版社,2003,,,上册,,,"张存起,张晓"
3228,同步教材：鲁教版初中地理七年级上册,,启用,同步名师视频,初中,地理,初中七年级,山东教育出版社,2013,,,上册,,,"张存起,张晓"
3229,同步教材：鲁教版初中化学八年级全一册,,启用,同步名师视频,初中,化学,初中八年级,山东教育出版社,2013,,,全一册,,,刘佳茜
3230,同步教材：鲁教版初中数学六年级（五四制）上册,,启用,同步名师视频,初中,数学,初中六年级,山东教育出版社,2012,,,上册,,,孙愿
3231,同步教材：鲁教版初中数学六年级（五四制）下册,,启用,同步名师视频,初中,数学,初中六年级,山东教育出版社,2013,,,下册,,,"代晋文,苏少辉,苏芬芬,寇向伟,梅松竹,胡鹤"
3232,同步教材：鲁教版初中数学七年级上册,,启用,同步名师视频,初中,数学,初中七年级,山东教育出版社,2013,,,上册,,,张春燕
3233,同步教材：鲁教版初中数学七年级下册,,启用,同步名师视频,初中,数学,初中七年级,山东教育出版社,2014,,,下册,,,"刘绍海,苏少辉,薛江辉,苏芬芬,曹容,寇向伟,胡鹤,郭远航"
3234,同步教材：鲁教版初中数学八年级上册,,启用,同步名师视频,初中,数学,初中八年级,山东教育出版社,2007,,,上册,,,曹容
3235,同步教材：鲁教版初中数学八年级下册,,启用,同步名师视频,初中,数学,初中八年级,山东教育出版社,2006,,,下册,,,刘丹
3236,同步教材：鲁教版初中数学九年级上册,,启用,同步名师视频,初中,数学,初中九年级,山东教育出版社,2014,,,上册,,,"高磊,薛江辉,李小波"
3237,同步教材：鲁教版初中数学九年级下册,,启用,同步名师视频,初中,数学,初中九年级,山东教育出版社,2014,,,下册,,,"苏少辉,薛江辉,庄四化"
3238,同步教材：鲁教版初中语文六年级（五四制）上册,,启用,同步名师视频,初中,语文,初中六年级,山东教育出版社,2005,,,上册,,,"刘光田,朱娟丽"
3239,同步教材：鲁教版初中语文六年级（五四制）下册,,启用,同步名师视频,初中,语文,初中六年级,山东教育出版社,2004,,,下册,,,曹香
3240,同步教材：鲁教版初中语文七年级上册,,启用,同步名师视频,初中,语文,初中七年级,山东教育出版社,2005,,,上册,,,"王圆,龙琳"
3241,同步教材：鲁教版初中语文七年级下册,,启用,同步名师视频,初中,语文,初中七年级,山东教育出版社,2005,,,下册,,,肖俐
3242,同步教材：鲁教版初中语文八年级上册,,启用,同步名师视频,初中,语文,初中八年级,山东教育出版社,2005,,,上册,,,"徐刘夏,王同全"
3243,同步教材：鲁教版初中语文八年级下册,,启用,同步名师视频,初中,语文,初中八年级,山东教育出版社,2006,,,下册,,,"康林林,龙琳"
3244,同步教材：鲁教版初中语文九年级上册,,启用,同步名师视频,初中,语文,初中九年级,山东教育出版社,2006,,,上册,,,陈文斌
3245,同步教材：鲁教版初中语文九年级下册,,启用,同步名师视频,初中,语文,初中九年级,山东教育出版社,2006,,,下册,,,"王圆,朱娟丽"
3246,同步教材：鲁教版初中英语六年级（五四制）上册,,启用,同步名师视频,初中,英语,初中六年级,山东教育出版社,2012,,,上册,,,"靳迎春,吕航娟,杨帆"
3247,同步教材：鲁教版初中英语六年级（五四制）下册,,启用,同步名师视频,初中,英语,初中六年级,山东教育出版社,2013,,,下册,,,"张春晓,周雪梅,周莞青"
3248,同步教材：鲁教版初中英语七年级上册,,启用,同步名师视频,初中,英语,初中七年级,山东教育出版社,2013,,,上册,,,靳迎春
3249,同步教材：鲁教版初中英语七年级下册,,启用,同步名师视频,初中,英语,初中七年级,山东教育出版社,2014,,,下册,,,"李妍妍,杨澜"
3250,同步教材：鲁教版初中英语八年级下册,,启用,同步名师视频,初中,英语,初中八年级,山东教育出版社,2015,,,下册,,,"包楠,吴曼"
3251,同步教材：鲁教版初中英语九年级全一册,,启用,同步名师视频,初中,英语,初中九年级,山东教育出版社,2007,,,全一册,,,"陈玲,朱磊"
3252,同步教材：鲁教版初中化学九年级上册,,启用,同步名师视频,初中,化学,初中九年级,山东教育出版社,2012,,,上册,,,马腾
3253,同步教材：鲁教版初中化学九年级下册,,启用,同步名师视频,初中,化学,初中九年级,山东教育出版社,2013,,,下册,,,"王立国,韩煜杰"
3254,同步教材：鲁教版初中历史六年级（五四制）上册,,启用,同步名师视频,初中,历史,初中六年级,山东教育出版社,2003,,,上册,,,"周华,白建宗"
3255,同步教材：鲁教版初中历史七年级上册,,启用,同步名师视频,初中,历史,初中七年级,山东教育出版社,2004,,,上册,,,白建宗
3256,同步教材：鲁教版初中数学六年级（五四制）下册,,启用,同步名师视频,初中,数学,初中六年级,山东教育出版社,2010,,,下册,,," "
3257,同步教材：鲁教版初中数学七年级下册,,启用,同步名师视频,初中,数学,初中七年级,山东教育出版社,2005,,,下册,,," "
3258,同步教材：鲁教版初中数学九年级上册,,启用,同步名师视频,初中,数学,初中九年级,山东教育出版社,2006,,,上册,,," "
3259,同步教材：鲁教版初中英语九年级全一册,,启用,同步名师视频,初中,英语,初中九年级,山东教育出版社,2014,,,全一册,,," "
3260,同步教材：鲁教版初中化学九年级全一册,,启用,同步名师视频,初中,化学,初中九年级,山东教育出版社,2014,,,全一册,,,"张峰,曹捷瑜"
3261,同步教材：沪教版初中语文七年级下册,,启用,同步名师视频,初中,语文,初中七年级,上海教育出版社,2009,,,下册,,,曹香
3262,同步教材：沪教版初中语文八年级下册,,启用,同步名师视频,初中,语文,初中八年级,上海教育出版社,2010,,,下册,,,肖俐
3263,同步教材：沪教版初中语文九年级下册,,启用,同步名师视频,初中,语文,初中九年级,上海教育出版社,2011,,,下册,,,李文龙
3264,同步教材：沪教版初中数学七年级上册,,启用,同步名师视频,初中,数学,初中七年级,上海教育出版社,2006,,,上册,,,"苗卓芳,范世超"
3265,同步教材：沪教版初中数学七年级下册,,启用,同步名师视频,初中,数学,初中七年级,上海教育出版社,2007,,,下册,,,高磊
3266,同步教材：沪教版初中数学八年级上册,,启用,同步名师视频,初中,数学,初中八年级,上海教育出版社,2006,,,上册,,,杨俊丽
3267,同步教材：沪教版初中数学八年级下册,,启用,同步名师视频,初中,数学,初中八年级,上海教育出版社,2007,,,下册,,,孙以娟
3268,同步教材：沪教版初中数学九年级上册,,启用,同步名师视频,初中,数学,初中九年级,上海教育出版社,2007,,,上册,,,彭素梅
3269,同步教材：沪教版初中数学九年级下册,,启用,同步名师视频,初中,数学,初中九年级,上海教育出版社,2008,,,下册,,,王秀丽
3270,同步教材：沪教版初中英语七年级上册,,启用,同步名师视频,初中,英语,初中七年级,上海教育出版社,2012,,,上册,,,王佳宁
3271,同步教材：沪教版初中英语七年级下册,,启用,同步名师视频,初中,英语,初中七年级,上海教育出版社,2013,,,下册,,,罗文敏
3272,同步教材：沪教版初中英语八年级上册,,启用,同步名师视频,初中,英语,初中八年级,上海教育出版社,2013,,,上册,,,王佳宁
3273,同步教材：沪教版初中英语八年级下册,,启用,同步名师视频,初中,英语,初中八年级,上海教育出版社,2014,,,下册,,,孙丽
3274,同步教材：沪教版初中英语九年级上册,,启用,同步名师视频,初中,英语,初中九年级,上海教育出版社,2014,,,上册,,,左惠连
3275,同步教材：沪教版初中英语九年级下册,,启用,同步名师视频,初中,英语,初中九年级,上海教育出版社,2014,,,下册,,,王玲令
3276,同步教材：沪教版初中物理八年级下册,,启用,同步名师视频,初中,物理,初中八年级,上海教育出版社,2007,,,下册,,,刘毅
3277,同步教材：沪教版初中物理九年级下册,,启用,同步名师视频,初中,物理,初中九年级,上海教育出版社,2007,,,下册,,,纪红
3278,同步教材：沪教版初中化学九年级上册,,启用,同步名师视频,初中,化学,初中九年级,上海教育出版社,2013,,,上册,,,"郑志勤,马腾"
3279,同步教材：沪教版初中化学九年级下册,,启用,同步名师视频,初中,化学,初中九年级,上海教育出版社,2012,,,下册,,,马腾
3280,同步教材：沪教版初中物理九年级上册,,启用,同步名师视频,初中,物理,初中九年级,上海教育出版社,2007,,,上册,,,王峰
3281,同步教材：沪教版初中物理八年级上册,,启用,同步名师视频,初中,物理,初中八年级,上海教育出版社,2006,,,上册,,,"谭春雨,董超"
3282,同步教材：苏教版初中语文七年级上册,,启用,同步名师视频,初中,语文,初中七年级,江苏凤凰教育出版社,2009,,,上册,,,"席亓,姚艺艺"
3283,同步教材：苏教版初中语文七年级下册,,启用,同步名师视频,初中,语文,初中七年级,江苏凤凰教育出版社,2009,,,下册,,,"杜军,赵志昊"
3284,同步教材：苏教版初中语文八年级上册,,启用,同步名师视频,初中,语文,初中八年级,江苏凤凰教育出版社,2009,,,上册,,,"杨旭,王秀营"
3285,同步教材：苏教版初中语文八年级下册,,启用,同步名师视频,初中,语文,初中八年级,江苏凤凰教育出版社,2009,,,下册,,,"杨旭,王秀营"
3286,同步教材：苏教版初中语文九年级上册,,启用,同步名师视频,初中,语文,初中九年级,江苏凤凰教育出版社,2009,,,上册,,,王同全
3287,同步教材：苏教版初中语文九年级下册,,启用,同步名师视频,初中,语文,初中九年级,江苏凤凰教育出版社,2009,,,下册,,,朱先平
3288,同步教材：苏教版初中生物八年级下册,,启用,同步名师视频,初中,生物,初中八年级,江苏凤凰教育出版社,2014,,,下册,,,张婧
3289,同步教材：苏教版初中语文七年级上册,,启用,同步名师视频,初中,语文,初中七年级,江苏凤凰教育出版社,2016,,,上册,,," "
3290,同步教材：苏教版初中语文七年级下册,,启用,同步名师视频,初中,语文,初中七年级,江苏凤凰教育出版社,2016,,,下册,,," "
3291,同步教材：浙教版初中科学七年级上册,,启用,同步名师视频,初中,科学,初中七年级,浙江教育出版社,2012,,,上册,,,"贾天敬,王立国"
3292,同步教材：浙教版初中科学七年级下册,,启用,同步名师视频,初中,科学,初中七年级,浙江教育出版社,2013,,,下册,,,"刘毅,李章磊,王立国"
3293,同步教材：浙教版初中科学八年级上册,,启用,同步名师视频,初中,科学,初中八年级,浙江教育出版社,2013,,,上册,,,刘毅
3294,同步教材：浙教版初中科学八年级下册,,启用,同步名师视频,初中,科学,初中八年级,浙江教育出版社,2014,,,下册,,,"莫青云,高珂琳,张婧"
3295,同步教材：浙教版初中科学九年级上册,,启用,同步名师视频,初中,科学,初中九年级,浙江教育出版社,2014,,,上册,,,成俊梅
3296,同步教材：浙教版初中科学九年级下册,,启用,同步名师视频,初中,科学,初中九年级,浙江教育出版社,2014,,,下册,,,"石利,张娜"
3297,同步教材：浙教版初中数学七年级上册,,启用,同步名师视频,初中,数学,初中七年级,浙江教育出版社,2012,,,上册,,,孙莹
3298,同步教材：浙教版初中数学七年级下册,,启用,同步名师视频,初中,数学,初中七年级,浙江教育出版社,2012,,,下册,,,"寇向伟,宿辉,陆苗苗"
3299,同步教材：浙教版初中数学八年级上册,,启用,同步名师视频,初中,数学,初中八年级,浙江教育出版社,2013,,,上册,,,"汪梅,寇向伟"
3300,同步教材：浙教版初中数学八年级下册,,启用,同步名师视频,初中,数学,初中八年级,浙江教育出版社,2013,,,下册,,,"胡鹤,马世娜"
3301,同步教材：浙教版初中数学九年级上册,,启用,同步名师视频,初中,数学,初中九年级,浙江教育出版社,2014,,,上册,,,薛江辉
3302,同步教材：浙教版初中数学九年级下册,,启用,同步名师视频,初中,数学,初中九年级,浙江教育出版社,2014,,,下册,,,"廖文,李小波"
3303,同步教材：浙教版初中科学七年级下册,,启用,同步名师视频,初中,科学,初中七年级,浙江教育出版社,2006,,,下册,,," "
3304,同步教材：北师大版初中数学七年级上册,,启用,同步名师视频,初中,数学,初中七年级,北京师范大学出版社,2013,,,上册,,,"代晋文,梅松竹"
3305,同步教材：北师大版初中数学七年级下册,,启用,同步名师视频,初中,数学,初中七年级,北京师范大学出版社,2012,,,下册,,,"高磊,寇向伟"
3306,同步教材：北师大版初中数学八年级上册,,启用,同步名师视频,初中,数学,初中八年级,北京师范大学出版社,2014,,,上册,,,"王小波,孔令恩"
3307,同步教材：北师大版初中数学八年级下册,,启用,同步名师视频,初中,数学,初中八年级,北京师范大学出版社,2013,,,下册,,,"郭远航,高磊"
3308,同步教材：北师大版初中数学九年级上册,,启用,同步名师视频,初中,数学,初中九年级,北京师范大学出版社,2014,,,上册,,,"高磊,刘喜喜"
3309,同步教材：北师大版初中数学九年级下册,,启用,同步名师视频,初中,数学,初中九年级,北京师范大学出版社,2014,,,下册,,,薛江辉
3310,同步教材：北师大版初中政治七年级上册,,启用,同步名师视频,初中,政治,初中七年级,北京师范大学出版社,2007,,,上册,,,杨静
3311,同步教材：北师大版初中政治七年级下册,,启用,同步名师视频,初中,政治,初中七年级,北京师范大学出版社,2007,,,下册,,,朱文玲
3312,同步教材：北师大版初中历史七年级上册,,启用,同步名师视频,初中,历史,初中七年级,北京师范大学出版社,2007,,,上册,,,"周华,马晨"
3313,同步教材：北师大版初中历史七年级下册,,启用,同步名师视频,初中,历史,初中七年级,北京师范大学出版社,2007,,,下册,,,"盛潇,宋典"
3314,同步教材：北师大版初中历史八年级上册,,启用,同步名师视频,初中,历史,初中八年级,北京师范大学出版社,2007,,,上册,,,闫彩玲
3315,同步教材：北师大版初中历史八年级下册,,启用,同步名师视频,初中,历史,初中八年级,北京师范大学出版社,2007,,,下册,,,刘惠
3316,同步教材：北师大版初中历史九年级上册,,启用,同步名师视频,初中,历史,初中九年级,北京师范大学出版社,2007,,,上册,,,盛潇
3317,同步教材：北师大版初中历史九年级下册,,启用,同步名师视频,初中,历史,初中九年级,北京师范大学出版社,2007,,,下册,,,盛潇
3318,同步教材：北师大版初中生物七年级下册,,启用,同步名师视频,初中,生物,初中七年级,北京师范大学出版社,2012,,,下册,,,白肖杰
3319,同步教材：北师大版初中生物八年级上册,,启用,同步名师视频,初中,生物,初中八年级,北京师范大学出版社,2008,,,上册,,,"白肖杰,李亚菲"
3320,同步教材：北师大版初中生物八年级下册,,启用,同步名师视频,初中,生物,初中八年级,北京师范大学出版社,2008,,,下册,,,白肖杰
3321,同步教材：北师大版初中语文七年级上册,,启用,同步名师视频,初中,语文,初中七年级,北京师范大学出版社,2016,,,上册,,,"彭琪,姚艺艺,谢韬"
3322,同步教材：北师大版初中语文七年级下册,,启用,同步名师视频,初中,语文,初中七年级,北京师范大学出版社,2009,,,下册,,,"谢韬,彭琪"
3323,同步教材：北师大版初中语文八年级上册,,启用,同步名师视频,初中,语文,初中八年级,北京师范大学出版社,2009,,,上册,,,"李韶培,高久杰"
3324,同步教材：北师大版初中语文八年级下册,,启用,同步名师视频,初中,语文,初中八年级,北京师范大学出版社,2009,,,下册,,,李韶培
3325,同步教材：北师大版初中语文九年级上册,,启用,同步名师视频,初中,语文,初中九年级,北京师范大学出版社,2009,,,上册,,,付茉
3326,同步教材：北师大版初中语文九年级下册,,启用,同步名师视频,初中,语文,初中九年级,北京师范大学出版社,2010,,,下册,,,"王瑜,王圆"
3327,同步教材：北师大版初中英语七年级上册,,启用,同步名师视频,初中,英语,初中七年级,北京师范大学出版社,2013,,,上册,,,周雪梅
3328,同步教材：北师大版初中英语七年级下册,,启用,同步名师视频,初中,英语,初中七年级,北京师范大学出版社,2013,,,下册,,,刘松涛
3329,同步教材：北师大版初中英语八年级上册,,启用,同步名师视频,初中,英语,初中八年级,北京师范大学出版社,2014,,,上册,,,李艳
3330,同步教材：北师大版初中英语八年级下册,,启用,同步名师视频,初中,英语,初中八年级,北京师范大学出版社,2014,,,下册,,,吕素娟
3331,同步教材：北师大版初中英语九年级全一册,,启用,同步名师视频,初中,英语,初中九年级,北京师范大学出版社,2015,,,全一册,,,"刘松涛,王佳宁"
3332,同步教材：北师大版初中物理八年级上册,,启用,同步名师视频,初中,物理,初中八年级,北京师范大学出版社,2013,,,上册,,,干海涛
3333,同步教材：北师大版初中物理八年级下册,,启用,同步名师视频,初中,物理,初中八年级,北京师范大学出版社,2013,,,下册,,,曹望
3334,同步教材：北师大版初中物理九年级全一册,,启用,同步名师视频,初中,物理,初中九年级,北京师范大学出版社,2013,,,全一册,,,朱宁宁
3335,同步教材：北师大版初中政治八年级上册,,启用,同步名师视频,初中,政治,初中八年级,北京师范大学出版社,2007,,,上册,,,马立君
3336,同步教材：北师大版初中政治九年级全一册,,启用,同步名师视频,初中,政治,初中九年级,北京师范大学出版社,2009,,,全一册,,,党跃岭
3337,同步教材：北师大版初中语文七年级上册,,启用,同步名师视频,初中,语文,初中七年级,北京师范大学出版社,2009,,,上册,,," "
3338,同步教材：北师大版初中语文七年级下册,,启用,同步名师视频,初中,语文,初中七年级,北京师范大学出版社,2016,,,下册,,," "
3339,同步教材：北师大版初中生物七年级上册,,启用,同步名师视频,初中,生物,初中七年级,北京师范大学出版社,2012,,,上册,,,李亚菲
3340,同步教材：北师大版初中生物八年级上册,,启用,同步名师视频,初中,生物,初中八年级,北京师范大学出版社,2013,,,上册,,," "
3341,同步教材：北师大版初中历史七年级上册,,启用,同步名师视频,初中,历史,初中七年级,北京师范大学出版社,2016,,,上册,,," "
3342,同步教材：北师大版初中历史七年级下册,,启用,同步名师视频,初中,历史,初中七年级,北京师范大学出版社,2016,,,下册,,," "
3343,同步教材：牛津上海版初中英语七年级上册,,启用,同步名师视频,初中,英语,初中七年级,上海教育出版社,2008,,,上册,,,周莞青
3344,同步教材：牛津上海版初中英语七年级下册,,启用,同步名师视频,初中,英语,初中七年级,上海教育出版社,2009,,,下册,,,李婷
3345,同步教材：牛津上海版初中英语八年级上册,,启用,同步名师视频,初中,英语,初中八年级,上海教育出版社,2009,,,上册,,,"周莞青,王佳宁"
3346,同步教材：牛津上海版初中英语八年级下册,,启用,同步名师视频,初中,英语,初中八年级,上海教育出版社,2010,,,下册,,,陆丽丽
3347,同步教材：牛津上海版初中英语九年级上册,,启用,同步名师视频,初中,英语,初中九年级,上海教育出版社,2010,,,上册,,,"刘丽,张丹玲"
3348,同步教材：牛津上海版初中英语九年级下册,,启用,同步名师视频,初中,英语,初中九年级,上海教育出版社,2011,,,下册,,,"张炳乾,孙丽,张丹玲"
3349,同步教材：华东师大版初中科学七年级上册,,启用,同步名师视频,初中,科学,初中七年级,华东师范大学出版社,2012,,,上册,,,成俊梅
3350,同步教材：华东师大版初中科学七年级下册,,启用,同步名师视频,初中,科学,初中七年级,华东师范大学出版社,2013,,,下册,,,张娜
3351,同步教材：华东师大版初中科学八年级上册,,启用,同步名师视频,初中,科学,初中八年级,华东师范大学出版社,2013,,,上册,,,"王立国,牟英峰,赵潇飞,徐瞻"
3352,同步教材：华东师大版初中科学八年级下册,,启用,同步名师视频,初中,科学,初中八年级,华东师范大学出版社,2013,,,下册,,,张娜
3353,同步教材：华东师大版初中科学九年级上册,,启用,同步名师视频,初中,科学,初中九年级,华东师范大学出版社,2014,,,上册,,,"张娜,牟英峰,王华燕"
3354,同步教材：华东师大版初中科学九年级下册,,启用,同步名师视频,初中,科学,初中九年级,华东师范大学出版社,2014,,,下册,,,赵潇飞
3355,同步教材：华东师大版初中数学七年级上册,,启用,同步名师视频,初中,数学,初中七年级,华东师范大学出版社,2007,,,上册,,,"寇向伟,薛江辉"
3356,同步教材：华东师大版初中数学七年级下册,,启用,同步名师视频,初中,数学,初中七年级,华东师范大学出版社,2006,,,下册,,,梅松竹
3357,同步教材：华东师大版初中数学八年级上册,,启用,同步名师视频,初中,数学,初中八年级,华东师范大学出版社,2007,,,上册,,,"宿辉,薛江辉"
3358,同步教材：华东师大版初中数学八年级下册,,启用,同步名师视频,初中,数学,初中八年级,华东师范大学出版社,2013,,,下册,,,薛江辉
3359,同步教材：华东师大版初中数学九年级上册,,启用,同步名师视频,初中,数学,初中九年级,华东师范大学出版社,2007,,,上册,,,"杨亮,薛江辉"
3360,同步教材：华东师大版初中数学九年级下册,,启用,同步名师视频,初中,数学,初中九年级,华东师范大学出版社,2014,,,下册,,,薛江辉
3361,同步教材：华东师大版初中数学七年级上册,,启用,同步名师视频,初中,数学,初中七年级,华东师范大学出版社,2012,,,上册,,," "
3362,同步教材：华东师大版初中数学八年级上册,,启用,同步名师视频,初中,数学,初中八年级,华东师范大学出版社,2013,,,上册,,," "
3363,同步教材：华东师大版初中数学九年级上册,,启用,同步名师视频,初中,数学,初中九年级,华东师范大学出版社,2014,,,上册,,," "
3364,同步教材：新世纪版初中英语七年级上册,,启用,同步名师视频,初中,英语,初中七年级,上海外语教育出版社,2008,,,上册,,,王贝
3365,同步教材：新世纪版初中英语七年级下册,,启用,同步名师视频,初中,英语,初中七年级,上海外语教育出版社,2008,,,下册,,,陈玲
3366,同步教材：新世纪版初中英语八年级上册,,启用,同步名师视频,初中,英语,初中八年级,上海外语教育出版社,2009,,,上册,,,"周雪梅,王静"
3367,同步教材：新世纪版初中英语八年级下册,,启用,同步名师视频,初中,英语,初中八年级,上海外语教育出版社,2010,,,下册,,,王洁
3368,同步教材：新世纪版初中英语九年级上册,,启用,同步名师视频,初中,英语,初中九年级,上海外语教育出版社,2010,,,上册,,,陈利华
3369,同步教材：新世纪版初中英语九年级下册,,启用,同步名师视频,初中,英语,初中九年级,上海外语教育出版社,2011,,,下册,,,何珊
3370,同步教材：沪科版初中数学七年级上册,,启用,同步名师视频,初中,数学,初中七年级,上海科学技术出版社,2012,,,上册,,,"苗卓芳,苏少辉"
3371,同步教材：沪科版初中数学七年级下册,,启用,同步名师视频,初中,数学,初中七年级,上海科学技术出版社,2013,,,下册,,,寇方泰
3372,同步教材：沪科版初中数学八年级上册,,启用,同步名师视频,初中,数学,初中八年级,上海科学技术出版社,2013,,,上册,,,杨亮
3373,同步教材：沪科版初中数学八年级下册,,启用,同步名师视频,初中,数学,初中八年级,上海科学技术出版社,2013,,,下册,,,薛江辉
3374,同步教材：沪科版初中数学九年级上册,,启用,同步名师视频,初中,数学,初中九年级,上海科学技术出版社,2014,,,上册,,,薛江辉
3375,同步教材：沪科版初中数学九年级下册,,启用,同步名师视频,初中,数学,初中九年级,上海科学技术出版社,2014,,,下册,,,王秀丽
3376,同步教材：沪科版初中物理八年级全一册,,启用,同步名师视频,初中,物理,初中八年级,上海科学技术出版社,2012,,,全一册,,,"赵益辉,干海涛"
3377,同步教材：沪科版初中物理九年级全一册,,启用,同步名师视频,初中,物理,初中九年级,上海科学技术出版社,2013,,,全一册,,,"干海涛,苏玉,孙舒亭"
3378,同步教材：中图版初中地理七年级上册,,启用,同步名师视频,初中,地理,初中七年级,中国地图出版社,2012,,,上册,,,张晓
3379,同步教材：中图版初中地理八年级上册,,启用,同步名师视频,初中,地理,初中八年级,中国地图出版社,2013,,,上册,,,"张晓,刘飞"
3380,同步教材：中图版初中历史七年级上册,,启用,同步名师视频,初中,历史,初中七年级,中国地图出版社,2016,,,上册,,,宋典
3381,同步教材：中图版初中地理七年级下册,,启用,同步名师视频,初中,地理,初中七年级,中国地图出版社,2013,,,下册,,,刘飞
3382,同步教材：外研版初中英语七年级上册,,启用,同步名师视频,初中,英语,初中七年级,外语教学与研究出版社,2012,,,上册,,,张曙光
3383,同步教材：外研版初中英语七年级下册,,启用,同步名师视频,初中,英语,初中七年级,外语教学与研究出版社,2012,,,下册,,,王丽雪
3384,同步教材：外研版初中英语八年级上册,,启用,同步名师视频,初中,英语,初中八年级,外语教学与研究出版社,2013,,,上册,,,"刘倩,张毅华"
3385,同步教材：外研版初中英语八年级下册,,启用,同步名师视频,初中,英语,初中八年级,外语教学与研究出版社,2013,,,下册,,,"吕航娟,赵雪媛,李婷"
3386,同步教材：外研版初中英语九年级上册,,启用,同步名师视频,初中,英语,初中九年级,外语教学与研究出版社,2014,,,上册,,,"梁绵君,刘蓉"
3387,同步教材：外研版初中英语九年级下册,,启用,同步名师视频,初中,英语,初中九年级,外语教学与研究出版社,2014,,,下册,,,张胜男
3388,同步教材：湘教版初中地理七年级上册,,启用,同步名师视频,初中,地理,初中七年级,湖南教育出版社,2016,,,上册,,,王敬肖
3389,同步教材：湘教版初中化学九年级上册,,启用,同步名师视频,初中,化学,初中九年级,湖南教育出版社,2008,,,上册,,,马腾
3390,同步教材：湘教版初中化学九年级下册,,启用,同步名师视频,初中,化学,初中九年级,湖南教育出版社,2008,,,下册,,,马腾
3391,同步教材：湘教版初中数学九年级上册,,启用,同步名师视频,初中,数学,初中九年级,湖南教育出版社,2017,,,上册,,,庄四化
3392,同步教材：教科版初中物理八年级上册,,启用,同步名师视频,初中,物理,初中八年级,教育科学出版社,2012,,,上册,,,苏晓云
3393,同步教材：教科版初中物理八年级下册,,启用,同步名师视频,初中,物理,初中八年级,教育科学出版社,2012,,,下册,,,干海涛
3394,同步教材：鲁科版初中物理九年级上册,,启用,同步名师视频,初中,物理,初中九年级,山东科学技术出版社,2014,,,上册,,,"朱宁宁,阳熠,纪红,王峰"
3395,同步教材：苏科版初中数学七年级上册,,启用,同步名师视频,初中,数学,初中七年级,江苏科学技术出版社,2012,,,上册,,,"史俊,宿辉"
3396,同步教材：苏科版初中数学七年级下册,,启用,同步名师视频,初中,数学,初中七年级,江苏科学技术出版社,2012,,,下册,,,"苏少辉,张彩云,郭远航,宋桂荣,梅松竹,赵潇飞,高磊,赵,汪梅"
3397,同步教材：苏科版初中数学八年级上册,,启用,同步名师视频,初中,数学,初中八年级,江苏科学技术出版社,2013,,,上册,,,陈康
3398,同步教材：苏科版初中数学八年级下册,,启用,同步名师视频,初中,数学,初中八年级,江苏科学技术出版社,2013,,,下册,,,彭素梅
3399,同步教材：苏科版初中数学九年级上册,,启用,同步名师视频,初中,数学,初中九年级,江苏科学技术出版社,2014,,,上册,,,"薛江辉,张彩云,高磊,苏少辉,王小波,郭远航,李小波,庄四化"
3400,同步教材：苏科版初中数学九年级下册,,启用,同步名师视频,初中,数学,初中九年级,江苏科学技术出版社,2014,,,下册,,,"黄映珊,庄四化"
3401,同步教材：苏科版初中物理八年级上册,,启用,同步名师视频,初中,物理,初中八年级,江苏科学技术出版社,2012,,,上册,,,苏晓云
3402,同步教材：苏科版初中物理八年级下册,,启用,同步名师视频,初中,物理,初中八年级,江苏科学技术出版社,2012,,,下册,,,王峰
3403,同步教材：苏科版初中物理九年级上册,,启用,同步名师视频,初中,物理,初中九年级,江苏科学技术出版社,2013,,,上册,,,林红梅
3404,同步教材：苏科版初中物理九年级下册,,启用,同步名师视频,初中,物理,初中九年级,江苏科学技术出版社,2013,,,下册,,,林红梅
3405,同步教材：语文版初中语文七年级上册,,启用,同步名师视频,初中,语文,初中七年级,语文出版社,2016,,,上册,,,赵志昊
3406,同步教材：语文版初中语文七年级下册,,启用,同步名师视频,初中,语文,初中七年级,语文出版社,2016,,,下册,,,祁朋乐
3407,同步教材：冀教版初中数学七年级上册,,启用,同步名师视频,初中,数学,初中七年级,河北教育出版社,2012,,,上册,,,石宝华
3408,同步教材：冀教版初中数学七年级下册,,启用,同步名师视频,初中,数学,初中七年级,河北教育出版社,2012,,,下册,,,"王敏超,寇向伟"
3409,同步教材：冀教版初中数学八年级上册,,启用,同步名师视频,初中,数学,初中八年级,河北教育出版社,2013,,,上册,,,"刘丹,庄四化,姬昕禹"
3410,同步教材：冀教版初中数学八年级下册,,启用,同步名师视频,初中,数学,初中八年级,河北教育出版社,2013,,,下册,,,田静
3411,同步教材：冀教版初中数学九年级上册,,启用,同步名师视频,初中,数学,初中九年级,河北教育出版社,2014,,,上册,,,"庄四化,薛江辉,李小波"
3412,同步教材：冀教版初中数学九年级下册,,启用,同步名师视频,初中,数学,初中九年级,河北教育出版社,2014,,,下册,,,王营
3413,同步教材：冀教版初中英语七年级上册,,启用,同步名师视频,初中,英语,初中七年级,河北教育出版社,2012,,,上册,,,肖雅文
3414,同步教材：冀教版初中英语七年级下册,,启用,同步名师视频,初中,英语,初中七年级,河北教育出版社,2012,,,下册,,,张曙光
3415,同步教材：冀教版初中英语八年级上册,,启用,同步名师视频,初中,英语,初中八年级,河北教育出版社,2013,,,上册,,,"李旭,舒研"
3416,同步教材：冀教版初中英语八年级下册,,启用,同步名师视频,初中,英语,初中八年级,河北教育出版社,2013,,,下册,,,刘松涛
3417,同步教材：冀教版初中英语九年级全一册,,启用,同步名师视频,初中,英语,初中九年级,河北教育出版社,2014,,,全一册,,,"赵雪媛,靳迎春"
3418,同步教材：北京版初中英语七年级上册,,启用,同步名师视频,初中,英语,初中七年级,北京出版社,2013,,,上册,,,张丹玲
3419,同步教材：北京版初中英语七年级下册,,启用,同步名师视频,初中,英语,初中七年级,北京出版社,2012,,,下册,,,李霞
3420,同步教材：北京版初中英语八年级上册,,启用,同步名师视频,初中,英语,初中八年级,北京出版社,2013,,,上册,,,刘明
3421,同步教材：北京版初中英语八年级下册,,启用,同步名师视频,初中,英语,初中八年级,北京出版社,2013,,,下册,,,乔梦
3422,同步教材：北京版初中英语九年级上册,,启用,同步名师视频,初中,英语,初中九年级,北京出版社,2014,,,上册,,,乔梦
3423,同步教材：北京版初中英语九年级下册,,启用,同步名师视频,初中,英语,初中九年级,北京出版社,2014,,,下册,,,刘明
3424,同步教材：北京版初中化学九年级上册,,启用,同步名师视频,初中,化学,初中九年级,北京出版社,2013,,,上册,,,"杨贵君,赵潇飞"
3425,同步教材：岳麓版初中历史七年级上册,,启用,同步名师视频,初中,历史,初中七年级,岳麓书社,2003,,,上册,,,郑丽萍
3426,同步教材：岳麓版初中历史七年级下册,,启用,同步名师视频,初中,历史,初中七年级,岳麓书社,2003,,,下册,,,郑丽萍
3427,同步教材：川教版初中历史九年级上册,,启用,同步名师视频,初中,历史,初中九年级,四川教育出版社,2005,,,上册,,,郑丽萍
3428,同步教材：川教版初中历史九年级下册,,启用,同步名师视频,初中,历史,初中九年级,四川教育出版社,2005,,,下册,,,郑丽萍
3429,同步教材：商务星球版初中地理七年级上册,,启用,同步名师视频,初中,地理,初中七年级,商务星球出版社,2005,,,上册,,,郭威
3430,同步教材：商务星球版初中地理七年级下册,,启用,同步名师视频,初中,地理,初中七年级,商务星球出版社,2005,,,下册,,,郭威
3431,同步教材：商务星球版初中地理八年级上册,,启用,同步名师视频,初中,地理,初中八年级,商务星球出版社,2005,,,上册,,,郭威
3432,同步教材：青岛版初中数学七年级下册,,启用,同步名师视频,初中,数学,初中七年级,青岛出版社,2012,,,下册,,,薛江辉
3433,同步教材：青岛版初中数学八年级上册,,启用,同步名师视频,初中,数学,初中八年级,青岛出版社,2013,,,上册,,,薛江辉
3434,同步教材：青岛版初中数学九年级上册,,启用,同步名师视频,初中,数学,初中九年级,青岛出版社,2014,,,上册,,,薛江辉
3435,同步教材：沪科粤教版初中物理九年级上册,,启用,同步名师视频,初中,物理,初中九年级,其他出版社,2013,,,上册,,,王林旭
3436,同步教材：沪科粤教版初中物理八年级上册,,启用,同步名师视频,初中,物理,初中八年级,其他出版社,2012,,,上册,,,吴佩静
3437,同步教材：沪科粤教版初中物理八年级下册,,启用,同步名师视频,初中,物理,初中八年级,其他出版社,2012,,,下册,,,龙桂林
3438,同步教材：沪科粤教版初中物理九年级下册,,启用,同步名师视频,初中,物理,初中九年级,其他出版社,2013,,,下册,,,"王国平,祝华"
3439,同步教材：沪科粤教版初中英语八年级上册,,启用,同步名师视频,初中,英语,初中八年级,其他出版社,2013,,,上册,,,雷怡
3440,同步教材：沪科粤教版初中英语八年级下册,,启用,同步名师视频,初中,英语,初中八年级,其他出版社,2013,,,下册,,,"左惠连,胡文婷"
3441,同步教材：沪科粤教版初中英语九年级上册,,启用,同步名师视频,初中,英语,初中九年级,其他出版社,2014,,,上册,,,刘蓉
3442,同步教材：沪科粤教版初中英语九年级下册,,启用,同步名师视频,初中,英语,初中九年级,其他出版社,2014,,,下册,,,万玉英
3443,同步教材：译林版初中英语七年级上册,,启用,同步名师视频,初中,英语,初中七年级,译林出版社,2012,,,上册,,,"王春丽,肖雅文,徐果,孙佰华"
3444,同步教材：译林版初中英语七年级下册,,启用,同步名师视频,初中,英语,初中七年级,译林出版社,2012,,,下册,,,"徐果,孙佰华,王春丽"
3445,同步教材：译林版初中英语八年级上册,,启用,同步名师视频,初中,英语,初中八年级,译林出版社,2013,,,上册,,,雷怡
3446,同步教材：冀大版初中语文七年级上册,,启用,同步名师视频,初中,语文,初中七年级,河北大学出版社,2005,,,上册,,,"冯艳,胡琴"
3447,同步教材：冀大版初中语文八年级上册,,启用,同步名师视频,初中,语文,初中八年级,河北大学出版社,2005,,,上册,,,"许晓矽,郭佳星"
3448,同步教材：冀大版初中语文九年级上册,,启用,同步名师视频,初中,语文,初中九年级,河北大学出版社,2015,,,上册,,,杨欢欢
3449,同步教材：粤人版初中地理七年级上册,,启用,同步名师视频,初中,地理,初中七年级,广东人民出版社,2004,,,上册,,,刘飞
3450,同步教材：科粤版初中化学九年级上册,,启用,同步名师视频,初中,化学,初中九年级,科学出版社,2012,,,上册,,,张峰
3451,同步教材：人教版高中语文高一必修二,,启用,同步名师视频,高中,语文,高中必修二,人民教育出版社,2006,,,下册,,,陈玲
3452,同步教材：人教版高中语文高三必修五,,启用,同步名师视频,高中,语文,高中必修五,人民教育出版社,2006,,,上册,,,李晓兵
3453,同步教材：人教版高中数学高一必修二,,启用,同步名师视频,高中,数学,高中必修二,人民教育出版社,2007,,,下册,,,"王志伟,纪文军"
3454,同步教材：人教版高中数学高二必修三,,启用,同步名师视频,高中,数学,高中必修三,人民教育出版社,2007,,,上册,,,"方芳,梁广东"
3455,同步教材：人教版高中数学高二必修四,,启用,同步名师视频,高中,数学,高中必修四,人民教育出版社,2007,,,下册,,,李居欣
3456,同步教材：人教版高中数学高三必修五,,启用,同步名师视频,高中,数学,高中必修五,人民教育出版社,2007,,,上册,,,纪文军
3457,同步教材：人教版高中英语高一必修一,,启用,同步名师视频,高中,英语,高中必修一,人民教育出版社,2007,,,上册,,,黄立奇
3458,同步教材：人教版高中英语高一必修二,,启用,同步名师视频,高中,英语,高中必修二,人民教育出版社,2007,,,下册,,,段晓红
3459,同步教材：人教版高中英语高二必修四,,启用,同步名师视频,高中,英语,高中必修四,人民教育出版社,2007,,,下册,,,段晓红
3460,同步教材：人教版高中英语高三必修五,,启用,同步名师视频,高中,英语,高中必修五,人民教育出版社,2007,,,上册,,,"胡文婷,黄立奇"
3461,同步教材：人教版高中政治高一必修一,,启用,同步名师视频,高中,政治,高中必修一,人民教育出版社,2008,,,上册,,,王友菊
3462,同步教材：人教版高中政治高一必修二,,启用,同步名师视频,高中,政治,高中必修二,人民教育出版社,2010,,,下册,,,王远奇
3463,同步教材：人教版高中政治高二必修三,,启用,同步名师视频,高中,政治,高中必修三,人民教育出版社,2008,,,上册,,,王友菊
3464,同步教材：人教版高中政治高二必修四,,启用,同步名师视频,高中,政治,高中必修四,人民教育出版社,2008,,,下册,,,王远奇
3465,同步教材：人教版高中历史高一必修一,,启用,同步名师视频,高中,历史,高中必修一,人民教育出版社,2007,,,上册,,,"王槿,郭丽"
3466,同步教材：人教版高中历史高一必修二,,启用,同步名师视频,高中,历史,高中必修二,人民教育出版社,2007,,,下册,,,郭海峰
3467,同步教材：人教版高中历史高二必修三,,启用,同步名师视频,高中,历史,高中必修三,人民教育出版社,2007,,,上册,,,郭海峰
3468,同步教材：人教版高中地理高一必修一,,启用,同步名师视频,高中,地理,高中必修一,人民教育出版社,2008,,,上册,,,李秋建
3469,同步教材：人教版高中地理高一必修二,,启用,同步名师视频,高中,地理,高中必修二,人民教育出版社,2009,,,下册,,,李秋建
3470,同步教材：人教版高中地理高二必修三,,启用,同步名师视频,高中,地理,高中必修三,人民教育出版社,2009,,,上册,,,李秋建
3471,同步教材：人教版高中物理高一必修一,,启用,同步名师视频,高中,物理,高中必修一,人民教育出版社,2010,,,上册,,,陈有安
3472,同步教材：人教版高中物理高一必修二,,启用,同步名师视频,高中,物理,高中必修二,人民教育出版社,2010,,,下册,,,郑海波
3473,同步教材：人教版高中化学高一必修一,,启用,同步名师视频,高中,化学,高中必修一,人民教育出版社,2007,,,上册,,,王立国
3474,同步教材：人教版高中化学高一必修二,,启用,同步名师视频,高中,化学,高中必修二,人民教育出版社,2007,,,下册,,,"李俊芝,阮强"
3475,同步教材：人教版高中生物高一必修一,,启用,同步名师视频,高中,生物,高中必修一,人民教育出版社,2007,,,上册,,,张继慧
3476,同步教材：人教版高中生物高一必修二,,启用,同步名师视频,高中,生物,高中必修二,人民教育出版社,2007,,,下册,,,杨快乐
3477,同步教材：人教版高中生物高二必修三,,启用,同步名师视频,高中,生物,高中必修三,人民教育出版社,2007,,,上册,,,"徐俭,杨快乐"
3478,同步教材：人教版高中语文高三选修,,启用,同步名师视频,高中,语文,高中选修,人民教育出版社,2007,,,,,," "
3479,同步教材：人教版高中数学高一选修,,启用,同步名师视频,高中,数学,高中选修,人民教育出版社,2007,,,,,,"张海乾,薛江辉"
3480,同步教材：人教版高中数学高三选修,,启用,同步名师视频,高中,数学,高中选修,人民教育出版社,2007,,,,,,张海乾
3481,同步教材：人教版高中数学选修选修,,启用,同步名师视频,高中,数学,高中选修,人民教育出版社,2007,,,,,," "
3482,同步教材：人教版高中英语高三选修,,启用,同步名师视频,高中,英语,高中选修,人民教育出版社,2007,,,,,," "
3483,同步教材：人教版高中物理高三选修,,启用,同步名师视频,高中,物理,高中选修,人民教育出版社,2010,,,,,,"孙振兴,李良慧"
3484,同步教材：人教版高中化学高三选修,,启用,同步名师视频,高中,化学,高中选修,人民教育出版社,2009,,,,,,"赵潇飞,余建北"
3485,同步教材：人教版高中化学高三选修,,启用,同步名师视频,高中,化学,高中选修,人民教育出版社,2007,,,,,," "
3486,同步教材：人教版高中地理高三选修,,启用,同步名师视频,高中,地理,高中选修,人民教育出版社,2007,,,,,," "
3487,同步教材：人教版高中历史高三选修,,启用,同步名师视频,高中,历史,高中选修,人民教育出版社,2007,,,,,," "
3488,同步教材：人教版高中生物高三选修,,启用,同步名师视频,高中,生物,高中选修,人民教育出版社,2007,,,,,," "
3489,同步教材：人教版高中语文高一必修一,,启用,同步名师视频,高中,语文,高中必修一,人民教育出版社,2007,,,上册,,,彭琪
3490,同步教材：人教版高中语文高二必修三,,启用,同步名师视频,高中,语文,高中必修三,人民教育出版社,2007,,,上册,,,董新娥
3491,同步教材：人教版高中语文高二必修四,,启用,同步名师视频,高中,语文,高中必修四,人民教育出版社,2006,,,下册,,,孟月
3492,同步教材：人教版高中英语高二必修三,,启用,同步名师视频,高中,英语,高中必修三,人民教育出版社,2007,,,上册,,,单丽萍
3493,同步教材：人教版高中物理选修选修,,启用,同步名师视频,高中,物理,高中选修,人民教育出版社,2010,,,,,,高沈男
3494,同步教材：人教版高中数学高一必修一,,启用,同步名师视频,高中,数学,高中必修一,人民教育出版社,2007,,,上册,,,张秀明
3495,同步教材：粤教版高中物理高一必修一,,启用,同步名师视频,高中,物理,高中必修一,广东教育出版社,2010,,,上册,,,史俊
3496,同步教材：粤教版高中语文高一必修一,,启用,同步名师视频,高中,语文,高中必修一,广东教育出版社,2010,,,上册,,,吴玉晶
3497,同步教材：粤教版高中语文高二必修三,,启用,同步名师视频,高中,语文,高中必修三,广东教育出版社,2010,,,上册,,,倪文波
3498,同步教材：粤教版高中语文高二必修四,,启用,同步名师视频,高中,语文,高中必修四,广东教育出版社,2010,,,下册,,,倪文波
3499,同步教材：粤教版高中语文高三必修五,,启用,同步名师视频,高中,语文,高中必修五,广东教育出版社,2010,,,上册,,,许存杰
3500,同步教材：粤教版高中物理高一必修二,,启用,同步名师视频,高中,物理,高中必修二,广东教育出版社,2010,,,下册,,,涂秉清
3501,同步教材：粤教版高中语文高一必修二,,启用,同步名师视频,高中,语文,高中必修二,广东教育出版社,2010,,,下册,,,"李萌,董新娥"
3502,同步教材：苏教版高中数学高一必修一,,启用,同步名师视频,高中,数学,高中必修一,江苏凤凰教育出版社,2006,,,上册,,,王刚
3503,同步教材：苏教版高中数学高一必修二,,启用,同步名师视频,高中,数学,高中必修二,江苏凤凰教育出版社,2007,,,下册,,,卓成海
3504,同步教材：苏教版高中数学高二必修三,,启用,同步名师视频,高中,数学,高中必修三,江苏凤凰教育出版社,2007,,,上册,,,孙迎春
3505,同步教材：苏教版高中数学高二必修四,,启用,同步名师视频,高中,数学,高中必修四,江苏凤凰教育出版社,2009,,,下册,,,"卓成海,王刚"
3506,同步教材：苏教版高中数学高三必修五,,启用,同步名师视频,高中,数学,高中必修五,江苏凤凰教育出版社,2009,,,上册,,,王刚
3507,同步教材：苏教版高中化学高一必修一,,启用,同步名师视频,高中,化学,高中必修一,江苏凤凰教育出版社,2014,,,上册,,,"王茜,丁敬锋"
3508,同步教材：苏教版高中化学高一必修二,,启用,同步名师视频,高中,化学,高中必修二,江苏凤凰教育出版社,2007,,,下册,,,"李绪标,王茜"
3509,同步教材：苏教版高中生物高一必修一,,启用,同步名师视频,高中,生物,高中必修一,江苏凤凰教育出版社,2009,,,上册,,,庞四喜
3510,同步教材：苏教版高中生物高一必修二,,启用,同步名师视频,高中,生物,高中必修二,江苏凤凰教育出版社,2009,,,下册,,,王莉
3511,同步教材：苏教版高中生物高二必修三,,启用,同步名师视频,高中,生物,高中必修三,江苏凤凰教育出版社,2009,,,上册,,,龚学艳
3512,同步教材：苏教版高中语文高一必修一,,启用,同步名师视频,高中,语文,高中必修一,江苏凤凰教育出版社,2008,,,上册,,,王允辉
3513,同步教材：苏教版高中语文高一必修二,,启用,同步名师视频,高中,语文,高中必修二,江苏凤凰教育出版社,2008,,,下册,,,杜军
3514,同步教材：苏教版高中语文高二必修三,,启用,同步名师视频,高中,语文,高中必修三,江苏凤凰教育出版社,2008,,,上册,,,"朱先平,杜军"
3515,同步教材：苏教版高中语文高二必修二,,启用,同步名师视频,高中,语文,高中必修二,江苏凤凰教育出版社,2008,,,下册,,,朱先平
3516,同步教材：苏教版高中语文高二必修四,,启用,同步名师视频,高中,语文,高中必修四,江苏凤凰教育出版社,2008,,,下册,,,杜军
3517,同步教材：苏教版高中语文高三必修五,,启用,同步名师视频,高中,语文,高中必修五,江苏凤凰教育出版社,2008,,,上册,,,王秀营
3518,同步教材：苏教版高中化学高一必修一,,启用,同步名师视频,高中,化学,高中必修一,江苏凤凰教育出版社,2009,,,上册,,," "
3519,同步教材：苏教版高中化学高一必修二,,启用,同步名师视频,高中,化学,高中必修二,江苏凤凰教育出版社,2014,,,下册,,," "
3520,同步教材：北师大版高中数学高一必修一,,启用,同步名师视频,高中,数学,高中必修一,北京师范大学出版社,2011,,,上册,,,梅松竹
3521,同步教材：北师大版高中数学高一必修二,,启用,同步名师视频,高中,数学,高中必修二,北京师范大学出版社,2014,,,下册,,,"韩顺,刘喜喜"
3522,同步教材：北师大版高中数学高二必修三,,启用,同步名师视频,高中,数学,高中必修三,北京师范大学出版社,2014,,,上册,,,梅松竹
3523,同步教材：北师大版高中数学高二必修四,,启用,同步名师视频,高中,数学,高中必修四,北京师范大学出版社,2014,,,下册,,,"韩顺,梅松竹"
3524,同步教材：北师大版高中数学高三必修五,,启用,同步名师视频,高中,数学,高中必修五,北京师范大学出版社,2011,,,上册,,,梅松竹
3525,同步教材：北师大版高中英语高一必修一,,启用,同步名师视频,高中,英语,高中必修一,北京师范大学出版社,2009,,,上册,,,胡文婷
3526,同步教材：北师大版高中英语高一必修二,,启用,同步名师视频,高中,英语,高中必修二,北京师范大学出版社,2009,,,下册,,,郭淑贞
3527,同步教材：北师大版高中英语高二必修三,,启用,同步名师视频,高中,英语,高中必修三,北京师范大学出版社,2009,,,上册,,,"孙佰华,陆丽丽"
3528,同步教材：北师大版高中英语高二必修四,,启用,同步名师视频,高中,英语,高中必修四,北京师范大学出版社,2009,,,下册,,,刘松涛
3529,同步教材：北师大版高中英语高三必修五,,启用,同步名师视频,高中,英语,高中必修五,北京师范大学出版社,2009,,,上册,,,陈利华
3530,同步教材：北师大版高中生物高一必修一,,启用,同步名师视频,高中,生物,高中必修一,北京师范大学出版社,2011,,,上册,,,徐晓文
3531,同步教材：北师大版高中生物高一必修二,,启用,同步名师视频,高中,生物,高中必修二,北京师范大学出版社,2010,,,下册,,,徐晓文
3532,同步教材：北师大版高中语文高一必修一,,启用,同步名师视频,高中,语文,高中必修一,北京师范大学出版社,2010,,,上册,,,白杰华
3533,同步教材：北师大版高中语文高一必修二,,启用,同步名师视频,高中,语文,高中必修二,北京师范大学出版社,2010,,,下册,,,周智源
3534,同步教材：北师大版高中语文高二必修三,,启用,同步名师视频,高中,语文,高中必修三,北京师范大学出版社,2010,,,上册,,,高松巍
3535,同步教材：北师大版高中语文高二必修四,,启用,同步名师视频,高中,语文,高中必修四,北京师范大学出版社,2010,,,下册,,,"高松巍,倪文波"
3536,同步教材：北师大版高中历史高一必修一,,启用,同步名师视频,高中,历史,高中必修一,北京师范大学出版社,2013,,,上册,,,"白建宗,熊银忠"
3537,同步教材：北师大版高中历史高一必修二,,启用,同步名师视频,高中,历史,高中必修二,北京师范大学出版社,2013,,,下册,,,刘其芳
3538,同步教材：北师大版高中语文高三必修五,,启用,同步名师视频,高中,语文,高中必修五,北京师范大学出版社,2009,,,上册,,,"齐建良,董新娥"
3539,同步教材：北师大版高中生物高二必修三,,启用,同步名师视频,高中,生物,高中必修三,北京师范大学出版社,2010,,,上册,,,王小敏
3540,同步教材：北师大版高中历史高二必修三,,启用,同步名师视频,高中,历史,高中必修三,北京师范大学出版社,2012,,,上册,,,"闫彩玲,汪庆伟"
3541,同步教材：中图版高中地理高一必修一,,启用,同步名师视频,高中,地理,高中必修一,中国地图出版社,2004,,,上册,,,刘山山
3542,同步教材：中图版高中地理高一必修二,,启用,同步名师视频,高中,地理,高中必修二,中国地图出版社,2008,,,下册,,,郭威
3543,同步教材：中图版高中地理高二必修三,,启用,同步名师视频,高中,地理,高中必修三,中国地图出版社,2004,,,上册,,,郭威
3544,同步教材：外研版高中英语高一必修一,,启用,同步名师视频,高中,英语,高中必修一,外语教学与研究出版社,2006,,,上册,,,周旭
3545,同步教材：外研版高中英语高一必修二,,启用,同步名师视频,高中,英语,高中必修二,外语教学与研究出版社,2006,,,下册,,,周旭
3546,同步教材：外研版高中英语高二必修三,,启用,同步名师视频,高中,英语,高中必修三,外语教学与研究出版社,2006,,,上册,,,陆丽丽
3547,同步教材：外研版高中英语高二必修四,,启用,同步名师视频,高中,英语,高中必修四,外语教学与研究出版社,2006,,,下册,,,陈利华
3548,同步教材：外研版高中英语高三必修五,,启用,同步名师视频,高中,英语,高中必修五,外语教学与研究出版社,2006,,,上册,,,胡文婷
3549,同步教材：湘教版高中地理高一必修一,,启用,同步名师视频,高中,地理,高中必修一,湖南教育出版社,2004,,,上册,,,张晓
3550,同步教材：湘教版高中地理高一必修二,,启用,同步名师视频,高中,地理,高中必修二,湖南教育出版社,2004,,,下册,,,张存起
3551,同步教材：湘教版高中地理高二必修三,,启用,同步名师视频,高中,地理,高中必修三,湖南教育出版社,2004,,,上册,,,张晓
3552,同步教材：浙科版高中生物高一必修一,,启用,同步名师视频,高中,生物,高中必修一,浙江科学出版社,2005,,,上册,,,李欢
3553,同步教材：浙科版高中生物高一必修二,,启用,同步名师视频,高中,生物,高中必修二,浙江科学出版社,2005,,,下册,,,李欢
3554,同步教材：鲁科版高中化学高一必修二,,启用,同步名师视频,高中,化学,高中必修二,山东科学技术出版社,2007,,,下册,,,"巩春辉,刘静娟"
3555,同步教材：鲁科版高中化学高一必修一,,启用,同步名师视频,高中,化学,高中必修一,山东科学技术出版社,2007,,,上册,,,柯伯裕
3556,同步教材：鲁科版高中物理高一必修一,,启用,同步名师视频,高中,物理,高中必修一,山东科学技术出版社,2011,,,上册,,,杨亮
3557,同步教材：鲁科版高中物理高一必修二,,启用,同步名师视频,高中,物理,高中必修二,山东科学技术出版社,2011,,,下册,,,何晓光
3558,同步教材：岳麓版高中历史高一必修一,,启用,同步名师视频,高中,历史,高中必修一,岳麓书社,2004,,,上册,,,闫彩玲
3559,同步教材：岳麓版高中历史高一必修二,,启用,同步名师视频,高中,历史,高中必修二,岳麓书社,2004,,,下册,,,白建宗
3560,同步教材：岳麓版高中历史高二必修三,,启用,同步名师视频,高中,历史,高中必修三,岳麓书社,2004,,,上册,,,白建宗
3561,同步教材：译林版高中英语高一必修一,,启用,同步名师视频,高中,英语,高中必修一,译林出版社,2009,,,上册,,,"潘孝斌,相春平"
3562,同步教材：译林版高中英语高一必修二,,启用,同步名师视频,高中,英语,高中必修二,译林出版社,2009,,,下册,,,"陆锦,潘孝斌"
3563,同步教材：译林版高中英语高二必修三,,启用,同步名师视频,高中,英语,高中必修三,译林出版社,2009,,,上册,,,王海峰
3564,同步教材：译林版高中英语高二必修四,,启用,同步名师视频,高中,英语,高中必修四,译林出版社,2009,,,下册,,,相春平
3565,同步教材：译林版高中英语高三必修五,,启用,同步名师视频,高中,英语,高中必修五,译林出版社,2009,,,上册,,,陆锦
3682,奥数基础班二年级上册,,启用,专题课堂,小学,奥数,小学二年级,,,,,上册,奥数课堂,,徐柳静
3683,奥数基础班二年级下册,,启用,专题课堂,小学,奥数,小学二年级,,,,,下册,奥数课堂,,徐柳静
3684,奥数基础班六年级上册,,启用,专题课堂,小学,奥数,小学六年级,,,,,上册,奥数课堂,,石琼
3685,奥数基础班六年级下册,,启用,专题课堂,小学,奥数,小学六年级,,,,,下册,奥数课堂,,石琼
3686,奥数基础班三年级上册,,启用,专题课堂,小学,奥数,小学三年级,,,,,上册,奥数课堂,,"王希,李春杰"
3687,奥数基础班三年级下册,,启用,专题课堂,小学,奥数,小学三年级,,,,,下册,奥数课堂,,"王希,徐峰,李春杰"
3688,奥数基础班四年级上册,,启用,专题课堂,小学,奥数,小学四年级,,,,,上册,奥数课堂,,杨帆
3689,奥数基础班四年级下册,,启用,专题课堂,小学,奥数,小学四年级,,,,,下册,奥数课堂,,李春杰
3690,奥数基础班五年级上册,,启用,专题课堂,小学,奥数,小学五年级,,,,,上册,奥数课堂,,"孙秀华,慕利斌"
3691,奥数基础班五年级下册,,启用,专题课堂,小学,奥数,小学五年级,,,,,下册,奥数课堂,,孙秀华
3692,奥数基础班一年级上册,,启用,专题课堂,小学,奥数,小学一年级,,,,,上册,奥数课堂,,张杨子
3693,奥数基础班一年级下册,,启用,专题课堂,小学,奥数,小学一年级,,,,,下册,奥数课堂,,张杨子
3694,奥数提高班二年级上册,,启用,专题课堂,小学,奥数,小学二年级,,,,,上册,奥数课堂,,孙振兴
3695,奥数提高班二年级下册,,启用,专题课堂,小学,奥数,小学二年级,,,,,下册,奥数课堂,,"孙振兴,徐柳静"
3696,奥数提高班六年级下册,,启用,专题课堂,小学,奥数,小学六年级,,,,,下册,奥数课堂,,石琼
3697,奥数提高班三年级上册,,启用,专题课堂,小学,奥数,小学三年级,,,,,上册,奥数课堂,,"徐峰,李春杰"
3698,奥数提高班三年级下册,,启用,专题课堂,小学,奥数,小学三年级,,,,,下册,奥数课堂,,徐峰
3699,奥数提高班四年级上册,,启用,专题课堂,小学,奥数,小学四年级,,,,,上册,奥数课堂,,李春杰
3700,奥数提高班四年级下册,,启用,专题课堂,小学,奥数,小学四年级,,,,,下册,奥数课堂,,李春杰
3701,奥数提高班五年级上册,,启用,专题课堂,小学,奥数,小学五年级,,,,,上册,奥数课堂,,慕利斌
3702,奥数提高班五年级下册,,启用,专题课堂,小学,奥数,小学五年级,,,,,下册,奥数课堂,,"慕利斌,孙秀华"
3703,奥数提高班一年级上册,,启用,专题课堂,小学,奥数,小学一年级,,,,,上册,奥数课堂,,"张杨子,慕利斌"
3704,奥数提高班一年级下册,,启用,专题课堂,小学,奥数,小学一年级,,,,,下册,奥数课堂,," "
3705,薄冰语法之基础篇（上）,,启用,专题课堂,,英语,,,,,,,英语语法,,陈利华
3706,薄冰语法之基础篇（下）,,启用,专题课堂,,英语,,,,,,,英语语法,,"陈利华,郭浪"
3707,薄冰语法之基础篇（中）,,启用,专题课堂,,英语,,,,,,,英语语法,,陈利华
3708,薄冰语法之提高篇（上）,,启用,专题课堂,,英语,,,,,,,英语语法,,胡文婷
3709,薄冰语法之提高篇（下）,,启用,专题课堂,,英语,,,,,,,英语语法,,田盼霞
3710,薄冰语法之提高篇（中）,,启用,专题课堂,,英语,,,,,,,英语语法,,"胡文婷,田盼霞"
3711,初中单词王（Ability）,,启用,专题课堂,初中,英语,,,,,,,英语单词,," "
3712,初中单词王（Appointment）,,启用,专题课堂,初中,英语,,,,,,,英语单词,," "
3713,初中单词王（Busyness）,,启用,专题课堂,初中,英语,,,,,,,英语单词,," "
3714,初中单词王（Compliment）,,启用,专题课堂,初中,英语,,,,,,,英语单词,," "
3715,初中单词王（Gratitude、Apology）,,启用,专题课堂,初中,英语,,,,,,,英语单词,," "
3716,初中单词王（Greetings）,,启用,专题课堂,初中,英语,,,,,,,英语单词,," "
3717,初中单词王（Intention）,,启用,专题课堂,初中,英语,,,,,,,英语单词,," "
3718,初中单词王（Introduction）,,启用,专题课堂,初中,英语,,,,,,,英语单词,," "
3719,初中单词王（opinion）,,启用,专题课堂,初中,英语,,,,,,,英语单词,," "
3720,初中单词王（request）,,启用,专题课堂,初中,英语,,,,,,,英语单词,," "
3721,初中单词王（speculations）,,启用,专题课堂,初中,英语,,,,,,,英语单词,," "
3722,"初中单词王（Taking Leave、Good Wishes）",,启用,专题课堂,初中,英语,,,,,,,英语单词,," "
3723,初中单词王（Welcome、Invitation）,,启用,专题课堂,初中,英语,,,,,,,英语单词,," "
3724,初中单词王（Willingness）,,启用,专题课堂,初中,英语,,,,,,,英语单词,," "
3725,初中地理必考点,,启用,专题课堂,初中,地理,,,,,,,必考点,,"刘飞,甘文静"
3726,初中化学必考点,,启用,专题课堂,初中,化学,,,,,,,必考点,,"刘佳茜,王学兵,张璐璐"
3727,初中历史必考点,,启用,专题课堂,初中,历史,,,,,,,必考点,,王秀芹
3728,初中生物必考点,,启用,专题课堂,初中,生物,,,,,,,必考点,,关雪莲
3729,初中数学必考点,,启用,专题课堂,初中,数学,,,,,,,必考点,,"徐杏平,庄四化"
3730,初中物理必考点,,启用,专题课堂,初中,物理,,,,,,,必考点,,"阳熠,干海涛"
3731,初中英语必考点,,启用,专题课堂,初中,英语,,,,,,,必考点,,任述渺
3732,初中语文必考点,,启用,专题课堂,初中,语文,,,,,,,必考点,,赵文奇
3733,初中政治必考点,,启用,专题课堂,初中,政治,,,,,,,必考点,,"陶建华,田娟"
3734,读故事记单词之初中篇（上）,,启用,专题课堂,初中,英语,,,,,,,英语单词,," "
3735,读故事记单词之初中篇（下）,,启用,专题课堂,初中,英语,,,,,,,英语单词,," "
3736,读故事记单词之初中篇（中）,,启用,专题课堂,初中,英语,,,,,,,英语单词,," "
3737,读故事记单词之高中篇（上）,,启用,专题课堂,高中,英语,,,,,,,英语单词,," "
3738,读故事记单词之高中篇（下）,,启用,专题课堂,高中,英语,,,,,,,英语单词,," "
3739,读故事记单词之高中篇（中）,,启用,专题课堂,高中,英语,,,,,,,英语单词,," "
3740,高考化学实验课,,启用,专题课堂,高中,化学,,,,,,,,,韩可德
3741,高考化学拓展课程,,启用,专题课堂,高中,化学,,,,,,,,,"詹历明,崔勇"
3742,高考化学压轴题,,启用,专题课堂,高中,化学,,,,,,,,,崔勇
3743,高中地理必考点,,启用,专题课堂,高中,地理,,,,,,,必考点,,陈高经
3744,高中化学必考点,,启用,专题课堂,高中,化学,,,,,,,必考点,,韩可德
3745,高中历史必考点,,启用,专题课堂,高中,历史,,,,,,,必考点,,胡久旺
3746,高中生物必考点,,启用,专题课堂,高中,生物,,,,,,,必考点,,"何彬,王小敏"
3747,高中数学必考点,,启用,专题课堂,高中,数学,,,,,,,必考点,,张海乾
3748,高中物理必考点,,启用,专题课堂,高中,物理,,,,,,,必考点,,"丁峰,汪明堂,熊涛"
3749,高中英语必考点,,启用,专题课堂,高中,英语,,,,,,,必考点,,孙佰华
3750,高中语文必考点,,启用,专题课堂,高中,语文,,,,,,,必考点,,胡琴
3751,高中政治必考点,,启用,专题课堂,高中,政治,,,,,,,必考点,,党跃岭
3752,国际音标逆向学习法,,启用,专题课堂,,英语,,,,,,,,," "
3753,国际音标自然学习法,,启用,专题课堂,,英语,,,,,,,,," "
3754,基础粤语入门,,启用,专题课堂,,,,,,,,,,,张家碧玉
3755,美式KK音标自然学习法,,启用,专题课堂,,英语,,,,,,,,," "
3756,妙解教材：小学英语六年级上册,,启用,妙解教材,小学,语文,小学六年级,人民教育出版社,2001,3-6岁,习惯,上册,精品微课,," "
3757,妙解教材：小学英语四年级上册,,启用,妙解教材,小学,语文,小学四年级,人民教育出版社,2001,3-6岁,习惯,上册,精品微课,,左惠连
3758,妙解教材：小学英语五年级上册,,启用,妙解教材,小学,语文,小学五年级,人民教育出版社,2001,3-6岁,习惯,上册,精品微课,,左惠连
3759,唐诗三百首,,启用,专题课堂,小学,,,,,,,,唐诗精选,," "
3760,"小学单词王：Unit 1",,启用,专题课堂,小学,英语,,,,,,,英语单词,," "
3761,"小学单词王：Unit 10",,启用,专题课堂,小学,英语,,,,,,,英语单词,," "
3762,"小学单词王：Unit 11",,启用,专题课堂,小学,英语,,,,,,,英语单词,," "
3763,"小学单词王：Unit 12",,启用,专题课堂,小学,英语,,,,,,,英语单词,," "
3764,"小学单词王：Unit 2",,启用,专题课堂,小学,英语,,,,,,,英语单词,," "
3765,"小学单词王：Unit 3",,启用,专题课堂,小学,英语,,,,,,,英语单词,," "
3766,"小学单词王：Unit 4",,启用,专题课堂,小学,英语,,,,,,,英语单词,," "
3767,"小学单词王：Unit 5",,启用,专题课堂,小学,英语,,,,,,,英语单词,," "
3768,"小学单词王：Unit 6",,启用,专题课堂,小学,英语,,,,,,,英语单词,," "
3769,"小学单词王：Unit 7",,启用,专题课堂,小学,英语,,,,,,,英语单词,," "
3770,"小学单词王：Unit 8",,启用,专题课堂,小学,英语,,,,,,,英语单词,," "
3771,"小学单词王：Unit 9",,启用,专题课堂,小学,英语,,,,,,,英语单词,," "
3772,小学科学动漫六年级上册,,启用,专题课堂,小学,语文,小学六年级,人民教育出版社,2001,3-6岁,习惯,上册,奥数课堂,," "
3773,小学科学动漫六年级下册,,启用,专题课堂,小学,语文,小学六年级,人民教育出版社,2001,3-6岁,习惯,下册,科学动漫,," "
3774,小学科学动漫三年级上册,,启用,专题课堂,小学,语文,小学三年级,人民教育出版社,2001,3-6岁,习惯,上册,科学动漫,," "
3775,小学科学动漫三年级下册,,启用,专题课堂,小学,语文,小学三年级,人民教育出版社,2001,3-6岁,习惯,下册,科学动漫,," "
3776,小学科学动漫四年级上册,,启用,专题课堂,小学,语文,小学四年级,人民教育出版社,2001,3-6岁,习惯,上册,科学动漫,," "
3777,小学科学动漫四年级下册,,启用,专题课堂,小学,语文,小学四年级,人民教育出版社,2001,3-6岁,习惯,下册,科学动漫,," "
3778,小学科学动漫五年级上册,,启用,专题课堂,小学,语文,小学五年级,人民教育出版社,2001,3-6岁,习惯,上册,科学动漫,," "
3779,小学科学动漫五年级下册,,启用,专题课堂,小学,语文,小学五年级,人民教育出版社,2001,3-6岁,习惯,下册,科学动漫,," "
3780,小学数学必考点,,启用,专题课堂,小学,数学,,,,,,,必考点,," "
3781,小学语文必考点,,启用,专题课堂,小学,语文,,,,,,,必考点,," "
3782,新概念英语第二册（上）,,启用,专题课堂,,英语,,,,,,,,," "
3783,新概念英语第二册（下）,,启用,专题课堂,,英语,,,,,,,,," "
3784,新概念英语第二册（中）,,启用,专题课堂,,英语,,,,,,,,," "
3785,新概念英语第一册（上）,,启用,专题课堂,,英语,,,,,,,,," "
3786,新概念英语第一册（下）,,启用,专题课堂,,英语,,,,,,,,," "
3787,英语5分钟,,启用,专题课堂,,英语,,,,,,,,," "
3788,英语900句之基础篇,,启用,专题课堂,,英语,,,,,,,,," "
3789,英语900句之生活篇,,启用,专题课堂,,英语,,,,,,,,," "
3790,粤语入门生活篇,,启用,专题课堂,,,,,,,,,,," "
3791,中考化学实验课,,启用,专题课堂,初中,化学,,,,,,,,," "
3792,中考生物实验课,,启用,专题课堂,初中,生物,,,,,,,,," "
3793,作文指导之初中篇,,启用,专题课堂,初中,语文,,,,,,,作文指导,," "
3794,作文指导之高中篇,,启用,专题课堂,初中,语文,,,,,,,作文指导,," "
3796,状元课堂：小学语文一年级上册,,启用,状元大课堂,小学,语文,小学一年级,,,,,上册,精品微课,,孙芬
3797,状元课堂：小学语文一年级下册,,启用,状元大课堂,小学,语文,小学一年级,,,,,下册,精品微课,,杨思思
3798,状元课堂：小学语文二年级上册,,启用,状元大课堂,小学,语文,小学二年级,,,,,上册,精品微课,,孙芬
3799,状元课堂：小学语文二年级下册,,启用,状元大课堂,小学,语文,小学二年级,,,,,下册,精品微课,,杨思思
3800,状元课堂：小学语文三年级上册,,启用,状元大课堂,小学,语文,小学三年级,,,,,上册,精品微课,,孙芬
3801,状元课堂：小学语文三年级下册,,启用,状元大课堂,小学,语文,小学三年级,,,,,下册,精品微课,,王爽
3802,状元课堂：小学语文四年级上册,,启用,状元大课堂,小学,语文,小学四年级,,,,,上册,精品微课,,杨思思
3803,状元课堂：小学语文四年级下册,,启用,状元大课堂,小学,语文,小学四年级,,,,,下册,精品微课,,王爽
3804,状元课堂：小学语文五年级上册,,启用,状元大课堂,小学,语文,小学五年级,,,,,上册,精品微课,,杨思思
3805,状元课堂：小学语文五年级下册,,启用,状元大课堂,小学,语文,小学五年级,,,,,下册,精品微课,,丁彦霞
3806,状元课堂：小学语文六年级上册,,启用,状元大课堂,小学,语文,小学六年级,,,,,上册,精品微课,,杨思思
3807,状元课堂：小学语文六年级下册,,启用,状元大课堂,小学,语文,小学六年级,,,,,下册,精品微课,,"丁彦霞,李春杰"
3808,状元课堂：小学数学一年级上册,,启用,状元大课堂,小学,数学,小学一年级,,,,,上册,精品微课,,汪丽芳
3809,状元课堂：小学数学一年级下册,,启用,状元大课堂,小学,数学,小学一年级,,,,,下册,精品微课,,汪丽芳
3810,状元课堂：小学数学二年级上册,,启用,状元大课堂,小学,数学,小学二年级,,,,,上册,精品微课,,汪丽芳
3811,状元课堂：小学数学二年级下册,,启用,状元大课堂,小学,数学,小学二年级,,,,,下册,精品微课,,李春杰
3812,状元课堂：小学数学三年级上册,,启用,状元大课堂,小学,数学,小学三年级,,,,,上册,精品微课,,汪丽芳
3813,状元课堂：小学数学三年级下册,,启用,状元大课堂,小学,数学,小学三年级,,,,,下册,精品微课,,李春杰
3814,状元课堂：小学数学四年级上册,,启用,状元大课堂,小学,数学,小学四年级,,,,,上册,精品微课,,汪丽芳
3815,状元课堂：小学数学四年级下册,,启用,状元大课堂,小学,数学,小学四年级,,,,,下册,精品微课,,李春杰
3816,状元课堂：小学数学五年级上册,,启用,状元大课堂,小学,数学,小学五年级,,,,,上册,精品微课,,汪丽芳
3817,状元课堂：小学数学五年级下册,,启用,状元大课堂,小学,数学,小学五年级,,,,,下册,精品微课,,汪丽芳
3818,状元课堂：小学数学六年级上册,,启用,状元大课堂,小学,数学,小学六年级,,,,,上册,精品微课,,汪丽芳
3819,状元课堂：小学数学六年级下册,,启用,状元大课堂,小学,数学,小学六年级,,,,,下册,精品微课,,汪丽芳
3913,同步知识点微课：小学英语六年级上册,,启用,,小学,英语,小学六年级,,,,同步知识点微课,上册,,,"刘松涛,钱坤,付茉,李婷,苏婷,刘敏,柴女,李艳"
3943,英文儿歌,儿歌是孩子童年的好伙伴，让孩子在欢乐中学习知识。听英文儿歌，让孩子尽早接触英语，赢在起跑线上。给未来的英语学习，打下一个良好的基础。,启用,格灵儿童英语,学前,,,,,3-6岁,格灵儿童英语,,儿歌童谣,," "
3944,欢乐英语儿歌,,启用,格灵儿童英语,学前,,,,,,,,儿歌童谣,," "
3945,儿歌童谣之动物篇,,启用,儿歌,学前,,,,,,,,儿歌童谣,," "
3946,儿歌童谣之生活篇,,启用,儿歌,学前,,,,,,,,儿歌童谣,," "
3947,儿歌童谣之植物篇,,启用,儿歌,学前,,,,,,,,儿歌童谣,," "
3948,儿歌童谣之自然篇,,启用,儿歌,学前,,,,,,,,儿歌童谣,," "
3949,故事屋之睡前故事,,启用,故事,学前,,,,,,,,故事动漫,," "
3950,故事屋之童话故事,,启用,故事,学前,,,,,,,,故事动漫,," "
3951,故事屋之伊索寓言,,启用,故事,学前,,,,,,,,故事动漫,," "
3952,故事屋之谚语故事,,启用,故事,学前,,,,,,,,故事动漫,," "
3953,故事屋之成语故事,,启用,故事,学前,,,,,,,,故事动漫,," "
3954,故事屋之笑话故事,,启用,故事,学前,,,,,,,,故事动漫,," "
3955,故事屋之人物故事,,启用,故事,学前,,,,,,,,故事动漫,," "
3956,故事屋之一千零一夜,,启用,故事,学前,,,,,,,,故事动漫,," "
3957,儿童唐诗100,,启用,国学,学前,,,,,,,,唐诗精选,," "
3958,亲子乐园之安全知识,,启用,亲子,学前,,,,,,,,早教认知,," "
3959,亲子乐园之社会情感,,启用,亲子,学前,,,,,,,,早教认知,," "
3960,亲子乐园之习惯养成,,启用,亲子,学前,,,,,,,,早教认知,," "
3961,亲子乐园之生活礼仪,,启用,亲子,学前,,,,,,,,早教认知,," "
3962,安全知识微课之平安出行,,启用,亲子,学前,,,,,,,,安全知识,," "
3963,安全知识微课之卫生健康,,启用,亲子,学前,,,,,,,,安全知识,," "
3964,安全知识微课之校园安全,,启用,亲子,学前,,,,,,,,安全知识,," "
3965,安全知识微课之预防溺水,,启用,亲子,学前,,,,,,,,安全知识,," "
3966,安全知识微课之逃离火灾,,启用,亲子,学前,,,,,,,,安全知识,," "
3967,国学馆之生活百家姓,,启用,国学,学前,,,,,,,,国学动漫,," "
3968,国学馆之弟子规,,启用,国学,学前,,,,,,,,国学动漫,," "
3969,国学馆之论语,,启用,国学,学前,,,,,,,,国学动漫,," "
3970,国学馆之趣味千字文,,启用,国学,学前,,,,,,,,国学动漫,," "
3971,国学馆之乐学三字经,,启用,国学,学前,,,,,,,,国学动漫,," "
3972,国学馆之增广贤文,,启用,国学,学前,,,,,,,,国学动漫,," "
3973,读故事记单词,,启用,格灵儿童英语,学前,,,,,,,,英语单词,," "
3974,亲子乐园之幼儿图解,,启用,亲子,学前,,,,,,,,早教认知,," "
3975,亲子乐园之幼儿英语,,启用,亲子,学前,,,,,,,,早教认知,," "
3976,亲子乐园之启蒙认知,,启用,亲子,学前,,,,,,,,早教认知,," "
3977,奥数提高班六年级上册,,启用,,小学,数学,小学六年级,,,,专题课堂,下册,奥数课堂,,石琼
4229,属性测试,,启用,,小学,语文,小学一年级,人民教育出版社,2001,6岁以上,习惯,上册,唐诗精选,幼儿女声," "
4230,测试课程,,启用,,学前,语文,小学一年级,人民教育出版社,2001,1-2岁,礼貌,上册,早教认知,成年女声," "
4231,测试课程2,,启用,,小学,数学,小学一年级,北京师范大学出版社,2002,6岁以上,习惯,上册,奥数课堂,成年男声," "
